Row Labels,Sum of Terakhir,Sum of Tertinggi,Sum of Pembukaan,Sum of Terendah
13/01/2011,1386.9,1392.5,1386.1,1371.4
13/01/2012,1630.4,1643.4,1638.9,1632.4
13/01/2014,1250.9,1252.7,1250.6,1245.5
13/01/2015,1374.5,1377.4,1377.4,1377.4
13/01/2016,1137.4,1137.4,1137.4,1137.4
13/01/2017,1281.3,1281.3,1281.3,1281.3
13/01/2020,1577.5,1586.8,1586.8,1574.9
13/02/2012,1723,1733,1725,1718.4
13/02/2013,1644.2,1652.3,1652.2,1640.2
13/02/2014,1300.4,1303.5,1293.3,1287.5
13/02/2015,1325.2,1325.2,1325.2,1325.2
13/02/2017,1304.9,1304.9,1304.9,1304.9
13/02/2018,1424.8,1424.8,1424.8,1424.8
13/02/2019,1374.6,1374.6,1374.6,1374.6
13/02/2020,1599.6,1602,1594.4,1594
13/03/2012,1693.7,1701.7,1698.4,1685.1
13/03/2013,1588.3,1596,1592.3,1585
13/03/2014,1372.2,1374.5,1366.8,1366.5
13/03/2015,1248.9,1248.9,1248.9,1248.9
13/03/2017,1286.6,1294,1294,1294
13/03/2018,1431.4,1433.4,1433.4,1433.4
13/03/2019,1368.1,1368.1,1368.1,1368.1
13/03/2020,1524.9,1604.2,1592.6,1514.3
13/04/2011,1454.9,1462,1455,1454
13/04/2012,1659.1,1674.8,1673.3,1650
13/04/2015,1287.8,1287.8,1287.8,1287.8
13/04/2016,1293.9,1293.9,1293.9,1293.9
13/04/2017,1366.7,1366.7,1366.7,1366.7
13/04/2018,1447.9,1447.9,1447.9,1447.9
13/04/2020,1762.7,1773.5,1741.6,1725
13/05/2011,1493.4,1511.3,1503.5,1490.2
13/05/2013,1434.5,1440.6,1440,1427.8
13/05/2014,1294.6,1295.5,1295.5,1292
13/05/2015,1312.2,1312.2,1312.2,1312.2
13/05/2016,1319.5,1319.5,1319.5,1319.5
13/05/2019,1350.2,1350.2,1350.2,1350.2
13/05/2020,1737.3,1744.5,1726.6,1721
13/06/2011,1515,1533,1528.1,1511.3
13/06/2012,1618.1,1622.4,1608.2,1608.2
13/06/2013,1377.6,1390.9,1386.8,1373.4
13/06/2014,1273.7,1274.7,1272.5,1271.3
13/06/2016,1337.7,1337.7,1337.7,1337.7
13/06/2017,1341.2,1342.8,1342.8,1342.8
13/06/2018,1393.9,1393.9,1393.9,1393.9
13/06/2019,1380.7,1378.7,1378.3,1378.3
13/07/2011,1585.2,1585.6,1574,1570.8
13/07/2012,1591.6,1594.1,1567.8,1567.8
13/07/2015,1255,1255,1255,1255
13/07/2016,1399,1399,1399,1399
13/07/2017,1288.5,1288.5,1288.5,1288.5
13/07/2018,1329,1327,1327,1327
13/07/2020,1843.7,1847.7,1831.6,1831.6
13/08/2012,1609.6,1623.7,1622,1607.3
13/08/2013,1321.2,1339.1,1331.9,1320.2
13/08/2014,1467.9,1312.6,1308.8,1305
13/08/2015,1205.1,1205.1,1205.1,1205.1
13/08/2018,1274.1,1274.1,1274.1,1274.1
13/08/2019,1540.7,1571.7,1556.2,1523.1
13/08/2020,1970.4,1974.8,1927.3,1923
13/09/2011,1826.8,1835.3,1817.8,1808.1
13/09/2012,1769.1,1767.5,1728.7,1728.7
13/09/2013,1308.4,1323,1322.9,1305.3
13/09/2016,1380.8,1380.8,1380.8,1380.8
13/09/2017,1396.7,1396.7,1396.7,1396.7
13/09/2018,1281,1281,1281,1281
13/09/2019,1530.7,1543.4,1543.4,1525.6
13/10/2011,1667.3,1678.8,1676.1,1656.2
13/10/2014,1229.3,1234,1229.8,1227
13/10/2015,1231.7,1231.7,1231.7,1231.7
13/10/2016,1312.3,1312.3,1312.3,1312.3
13/10/2017,1380.4,1372,1372,1372
13/10/2020,1894.6,1930.6,1927.3,1889.3
13/11/2012,1724.2,1728.2,1721.6,1718.5
13/11/2013,1268.3,1280.5,1274,1271.1
13/11/2014,1281.4,1164.5,1163.7,1155
13/11/2015,1141.3,1141.3,1141.3,1141.3
13/11/2017,1360.4,1360.4,1360.4,1360.4
13/11/2018,1274.7,1274.7,1274.7,1274.7
13/11/2019,1493.9,1498.1,1489.9,1489.9
13/11/2020,1886.2,1895.8,1875.6,1872.1
13/12/2011,1659.9,1671.8,1654.7,1628
13/12/2012,1695.6,1707.2,1707.2,1689.9
13/12/2013,1235.7,1239,1226.7,1222.2
13/12/2016,1233.6,1233.6,1233.6,1233.6
13/12/2017,1328.7,1328.7,1328.7,1328.7
13/12/2018,1313.2,1313.2,1313.2,1313.2
13/12/2019,1506.9,1507.9,1493,1493
14/01/2011,1360.4,1376,1375,1356.7
14/01/2013,1668.9,1673.8,1665.4,1664.1
14/01/2014,1245.2,1251.3,1251,1242
14/01/2015,1364.5,1364.5,1364.5,1366.7
14/01/2016,1123,1123,1123,1123
14/01/2018,1337.4,1338.6,1337.7,1336.4
14/01/2019,1357.2,1357.2,1357.2,1357.2
14/01/2020,1571.2,1573.9,1573.2,1563.4
14/02/2011,1364.6,1365.6,1357.8,1356.6
14/02/2012,1715.9,1724.9,1720,1715
14/02/2013,1634.7,1646.9,1641.1,1632.7
14/02/2014,1319,1320.7,1301.7,1301.5
14/02/2016,1233.6,1235.9,1235.7,1231.4
14/02/2017,1304.9,1304.9,1304.9,1304.9
14/02/2018,1452.9,1452.9,1452.9,1452.9
14/02/2019,1373.2,1373.2,1373.2,1373.2
14/02/2020,1606.9,1608.4,1601,1597.3
14/03/2011,1424.6,1427.7,1420,1420
14/03/2012,1642.5,1681,1676.9,1637.4
14/03/2013,1590.6,1587.9,1585.7,1575.7
14/03/2014,1379,1386.6,1376.1,1369.8
14/03/2016,1294.4,1286.4,1285,1285
14/03/2017,1286.3,1286.3,1286.3,1286.3
14/03/2018,1429.7,1429.7,1429.7,1429.7
14/03/2019,1352.9,1352.9,1352.9,1352.9
14/04/2011,1471.7,1476,1456.8,1452.7
14/04/2014,1327.2,1330,1320.1,1320.1
14/04/2015,1278.1,1278.1,1278.1,1278.1
14/04/2016,1272.1,1272.1,1272.1,1272.1
14/04/2017,1289.65,1289.65,1289.65,1289.65
14/04/2020,1771.2,1789.5,1768,1750
14/05/2012,1560.6,1563.1,1563,1555.5
14/05/2013,1424.7,1444.4,1430.1,1422
14/05/2014,1305.7,1306.9,1292.8,1292.8
14/05/2015,1319,1319,1319,1319
14/05/2018,1417.9,1417.9,1417.9,1417.9
14/05/2019,1343.4,1343.4,1343.4,1343.4
14/05/2020,1762,1765.1,1743.3,1735
14/06/2011,1523.8,1526.2,1517.2,1513.1
14/06/2012,1618.4,1626.4,1621.2,1610.1
14/06/2013,1387.3,1389.6,1383.9,1377.8
14/06/2016,1335.2,1335.2,1335.2,1335.2
14/06/2017,1348.2,1348.2,1348.2,1348.2
14/06/2018,1401,1401,1401,1401
14/06/2019,1381.5,1389.2,1389.2,1379.8
14/07/2011,1589,1592.8,1586.3,1583.6
14/07/2014,1460.7,1332.8,1332.8,1304.7
14/07/2015,1252.4,1252.4,1252.4,1252.4
14/07/2016,1387.7,1387.7,1387.7,1387.7
14/07/2017,1298.8,1289,1289,1289
14/07/2020,1841.5,1843,1834.2,1819.3
14/08/2012,1599.4,1615.6,1612.8,1591.2
14/08/2013,1334,1336.3,1317.7,1317.7
14/08/2014,1469.1,1316.4,1311.8,1309.7
14/08/2015,1202.3,1202.3,1202.3,1202.3
14/08/2017,1358.1,1358.1,1358.1,1358.1
14/08/2018,1275.9,1273.4,1273.4,1273.4
14/08/2019,1554,1553.1,1538.5,1532.6
14/08/2020,1949.8,1970,1963.8,1939.1
14/09/2011,1823.5,1843,1843,1809
14/09/2012,1769.8,1774.5,1771,1766
14/09/2015,1185.7,1185.7,1185.7,1185.7
14/09/2016,1383.3,1386.7,1386.7,1379.2
14/09/2017,1399.2,1399.2,1399.2,1399.2
14/09/2018,1273.8,1273.8,1273.8,1273.8
14/09/2020,1963.7,1972.5,1948.9,1945.2
14/10/2011,1681.8,1683.3,1665.8,1665.8
14/10/2013,1276.4,1285.8,1275.8,1272.1
14/10/2014,1359.3,1235.9,1235.9,1235.8
14/10/2015,1243.6,1243.6,1243.6,1243.6
14/10/2016,1310.4,1310.4,1310.4,1310.4
14/10/2019,1527.1,1530,1529,1524.4
14/10/2020,1907.3,1917.5,1895.4,1885
14/11/2011,1777.8,1779,1779,1779
14/11/2012,1729.5,1727.7,1722,1722
14/11/2013,1286.2,1293.3,1280.2,1278.1
14/11/2014,1305.6,1191,1155.2,1148
14/11/2016,1286.9,1286.9,1286.9,1286.9
14/11/2017,1364.2,1364.2,1364.2,1364.2
14/11/2018,1283.2,1283.2,1283.2,1283.2
14/11/2019,1504,1504.7,1495.1,1494.8
14/12/2011,1584.3,1639.5,1636.5,1565.8
14/12/2012,1695.8,1699.2,1698.3,1694.4
14/12/2015,1121.4,1121.4,1121.4,1121.4
14/12/2016,1238.3,1238.3,1238.3,1238.3
14/12/2017,1337.2,1342,1342,1334
14/12/2018,1307,1307,1307,1307
14/12/2020,1832.1,1845.6,1845,1820
15/01/2013,1683.4,1684.3,1671.6,1671.6
15/01/2014,1238.1,1243.2,1243.1,1238.2
15/01/2015,1392.8,1380,1380,1380
15/01/2016,1137.5,1137.5,1137.5,1137.5
15/01/2017,1203.35,1205.05,1197.3,1197.3
15/01/2018,1341.8,1344.9,1337.3,1337
15/01/2019,1353.7,1353.7,1353.7,1353.7
15/01/2020,1580.3,1582.2,1575.9,1573.4
15/02/2011,1373.6,1376,1361.6,1361.6
15/02/2012,1726.3,1737,1723.6,1723.6
15/02/2013,1608.8,1633.9,1633.2,1599.5
15/02/2015,1228.8,1229.3,1228.2,1227.8
15/02/2016,1208.1,1235.1,1234,1202.8
15/02/2017,1314.2,1314.2,1314.2,1314.2
15/02/2018,1451.5,1451.5,1451.5,1451.5
15/02/2019,1381.2,1381.2,1381.2,1381.2
15/03/2011,1392.6,1413.3,1413.3,1385.5
15/03/2012,1659.1,1660.2,1646.3,1640
15/03/2013,1592.5,1594.4,1590.5,1590.2
15/03/2016,1280.2,1280.2,1280.2,1280.2
15/03/2017,1284.3,1284.3,1284.3,1284.3
15/03/2018,1421.7,1421.7,1421.7,1421.7
15/03/2019,1360.6,1360.6,1360.6,1360.6
15/04/2011,1485.3,1487.5,1477.6,1473.2
15/04/2013,1360.6,1487.4,1478.2,1338
15/04/2014,1300,1322.7,1322.7,1291.5
15/04/2015,1286.5,1286.5,1286.5,1286.5
15/04/2016,1279.7,1279.7,1279.7,1279.7
15/04/2019,1342.4,1342.4,1342.4,1342.4
15/04/2020,1744.7,1762.7,1760.7,1736.4
15/05/2012,1556.8,1558.3,1555.4,1542.4
15/05/2013,1396.5,1425.7,1425.7,1390.1
15/05/2014,1293.5,1302.5,1302.5,1292.8
15/05/2015,1318.9,1318.9,1318.9,1318.9
15/05/2017,1308,1308,1307.5,1307.5
15/05/2018,1389.8,1405.3,1405.3,1405.3
15/05/2019,1344.5,1344.5,1344.5,1344.5
15/05/2020,1778.7,1783,1760.1,1758
15/06/2011,1525.6,1533.4,1525,1515
15/06/2012,1627,1630,1624.3,1621.5
15/06/2015,1285.8,1285.8,1285.8,1285.8
15/06/2016,1335,1335,1335,1335
15/06/2017,1326.8,1326.8,1326.8,1326.8
15/06/2018,1369.7,1369.7,1369.7,1369.7
15/06/2020,1744.9,1759.6,1759.1,1724.6
15/07/2011,1589.8,1592.2,1582.3,1582.3
15/07/2013,1283.8,1292.4,1292.1,1281.6
15/07/2014,1451.3,1312.1,1307.4,1294.1
15/07/2015,1246.3,1246.3,1246.3,1246.3
15/07/2016,1383.5,1383.5,1383.5,1383.5
15/07/2019,1452.3,1452.3,1452.3,1452.3
15/07/2020,1841.6,1847.2,1839.7,1831.9
15/08/2011,1755.5,1765.2,1734.9,1730.5
15/08/2012,1603.7,1604.6,1593.8,1592
15/08/2013,1361.6,1369.6,1340.1,1319.9
15/08/2014,1459.4,1312.8,1311.7,1292
15/08/2016,1410.6,1410.6,1410.6,1410.6
15/08/2017,1347.5,1347.5,1347.5,1347.5
15/08/2018,1259.7,1265.8,1265.8,1265.8
15/08/2019,1556.7,1561.2,1553,1546
15/09/2011,1778.5,1816.3,1816.3,1775.8
15/09/2014,1391.3,1235,1226.7,1226.7
15/09/2015,1180.5,1180.5,1180.5,1180.5
15/09/2016,1374.9,1379.3,1379.3,1378
15/09/2017,1395.1,1395.1,1395.1,1395.1
15/09/2020,1966.2,1982.4,1966.2,1955.6
15/10/2012,1736,1750,1750,1729.9
15/10/2013,1273,1284.8,1270.5,1254.1
15/10/2014,1361.3,1247,1243.7,1230.9
15/10/2015,1251.4,1251.4,1251.4,1251.4
15/10/2018,1305.4,1305.4,1305.4,1305.4
15/10/2019,1513.1,1524.5,1522.9,1513
15/10/2020,1908.9,1913.2,1906,1892.7
15/11/2011,1781.7,1783.1,1779.2,1761.3
15/11/2012,1713.3,1724.9,1724.9,1706.3
15/11/2013,1287.3,1288.5,1287.7,1281.5
15/11/2016,1290.9,1290.9,1290.9,1290.9
15/11/2017,1358.7,1358.7,1358.7,1358.7
15/11/2018,1287.6,1287.6,1287.6,1287.6
15/11/2019,1499.1,1499.9,1496.3,1495.9
15/12/2011,1574.6,1592.8,1571.4,1565.6
15/12/2014,1317.7,1223.1,1223.1,1198
15/12/2015,1119.8,1119.8,1119.8,1119.8
15/12/2016,1213.1,1213.1,1213.1,1213.1
15/12/2017,1337.4,1337.4,1337.4,1337.4
15/12/2020,1855.3,1859.3,1830.5,1828.5
16/01/2013,1682.7,1680.5,1674.4,1674.4
16/01/2014,1240,1242.8,1239.3,1238.7
16/01/2015,1404.9,1404.9,1404.9,1404.9
16/01/2017,1202.85,1208.45,1203.25,1200
16/01/2018,1428.1,1428.1,1428.1,1428.1
16/01/2019,1359.3,1359.3,1359.3,1359.3
16/01/2020,1576.9,1583.4,1580.4,1575
16/02/2011,1374.7,1382,1373.6,1370.5
16/02/2012,1726.8,1728.4,1718.4,1707
16/02/2015,1231.7,1236.4,1228.7,1228.5
16/02/2016,1241.1,1230,1230,1230
16/02/2017,1322.7,1322.7,1322.7,1322.7
16/02/2018,1452.8,1452.8,1452.8,1452.8
16/02/2020,1586.25,1586.25,1585.5,1583.45
16/03/2011,1396,1404.2,1398,1394.3
16/03/2012,1655.5,1663.4,1660,1641.3
16/03/2015,1249.3,1249.3,1249.3,1249.3
16/03/2016,1280.9,1280.9,1280.9,1280.9
16/03/2017,1310.7,1310.7,1310.7,1310.7
16/03/2018,1416.3,1416.3,1416.3,1416.3
16/03/2020,1493.8,1578.6,1573,1458.8
16/04/2012,1648.7,1656.8,1650.8,1641.2
16/04/2013,1386.8,1401,1358,1323
16/04/2014,1303.1,1304,1302.7,1295
16/04/2015,1283,1283,1283,1283
16/04/2018,1450.6,1450.6,1450.6,1450.6
16/04/2019,1328.1,1329.1,1329.1,1329
16/04/2020,1736.3,1771.2,1744,1727.6
16/05/2011,1490.4,1494.9,1489.3,1489.3
16/05/2012,1536.2,1541.4,1541.4,1528.5
16/05/2013,1387.1,1395.1,1390.4,1370.6
16/05/2014,1293.3,1293.3,1293.3,1293.3
16/05/2016,1321.8,1321.8,1321.8,1321.8
16/05/2017,1314.4,1312.7,1312.7,1312.7
16/05/2018,1392.1,1392.1,1392.1,1392.1
16/05/2019,1333.1,1333.1,1333.1,1333.1
16/06/2011,1529.3,1531.2,1526,1522
16/06/2014,1274.9,1283.5,1279.8,1270.8
16/06/2015,1279.4,1279.4,1279.4,1279.4
16/06/2016,1345.6,1345.6,1345.6,1345.6
16/06/2017,1328.5,1328.5,1328.5,1328.5
16/06/2020,1754.4,1757.5,1751.4,1739.8
16/07/2012,1591.2,1589.7,1586.2,1585.8
16/07/2013,1290.8,1291.4,1279.4,1279.4
16/07/2014,1454.9,1303.1,1298.4,1296.9
16/07/2015,1243.2,1243.2,1243.2,1243.2
16/07/2018,1327.5,1327.5,1327.5,1327.5
16/07/2019,1450.2,1453.4,1453.4,1453.4
16/07/2020,1826.5,1843.7,1840.7,1819.9
16/08/2011,1782.4,1787.3,1769,1761.6
16/08/2012,1616.1,1615.7,1600.2,1600.2
16/08/2013,1371.7,1378.9,1366.8,1361
16/08/2016,1419,1410.7,1410.7,1410.7
16/08/2017,1350.8,1350.8,1350.8,1350.8
16/08/2018,1258,1258,1258,1258
16/08/2019,1549.2,1557.7,1557.4,1541.3
16/09/2011,1812.1,1819.1,1768.5,1768.5
16/09/2013,1317.9,1329.6,1328.4,1310.8
16/09/2014,1393,1238.3,1238.3,1235.9
16/09/2015,1196.3,1188.4,1188.4,1188.4
16/09/2016,1367.1,1367.1,1367.1,1367.1
16/09/2019,1542.3,1546.5,1542.6,1536.4
16/09/2020,1970.5,1983.8,1961.4,1957.2
16/10/2012,1744.7,1744.4,1736.7,1736.6
16/10/2013,1282,1284,1282.8,1269.2
16/10/2014,1357.5,1243,1242.1,1236.7
16/10/2015,1246.6,1246.6,1246.6,1246.6
16/10/2017,1379.7,1382,1382,1382
16/10/2018,1305.8,1305.8,1305.8,1305.8
16/10/2019,1523.4,1522.2,1515.5,1510
16/10/2020,1906.4,1918.7,1912.7,1901.1
16/11/2011,1773.8,1777.5,1777.5,1757.7
16/11/2012,1714.3,1713.8,1710,1706.9
16/11/2015,1142.5,1142.5,1142.5,1142.5
16/11/2016,1290.3,1290.3,1290.3,1290.3
16/11/2017,1359.4,1359.4,1359.4,1359.4
16/11/2018,1294.9,1294.9,1294.9,1294.9
16/11/2020,1887.8,1898,1886.6,1861.5
16/12/2011,1595.6,1595.9,1587.4,1586
16/12/2013,1245.5,1250.6,1238.4,1228.9
16/12/2014,1302,1222,1197.2,1192.7
16/12/2015,1135.3,1135.3,1135.3,1135.3
16/12/2016,1220.9,1220.9,1220.9,1220.9
16/12/2019,1506.7,1509.4,1505.4,1503.9
16/12/2020,1859.1,1870,1857.7,1848.2
17/01/2012,1655.2,1657.8,1643.7,1642.1
17/01/2013,1690.4,1694.6,1676.4,1671
17/01/2014,1251.7,1254.3,1239.7,1239.7
17/01/2016,1090.3,1090.8,1088.6,1088.6
17/01/2017,1297.4,1297.4,1297.4,1297.4
17/01/2018,1431,1431,1431,1431
17/01/2019,1357.9,1357.9,1357.9,1357.9
17/01/2020,1587.2,1588,1578.6,1577.1
17/02/2011,1384.7,1384.7,1377.7,1377
17/02/2012,1724.5,1735.1,1733.6,1718.8
17/02/2014,1328.5,1332.2,1323.7,1321.1
17/02/2015,1309.9,1323.3,1323.3,1323.3
17/02/2016,1247.2,1247.2,1247.2,1247.2
17/02/2017,1319.4,1319.4,1319.4,1319.4
17/02/2019,1324.25,1324.95,1324.65,1323.85
17/02/2020,1587.05,1588.45,1586.15,1581.85
17/03/2011,1404,1393.6,1387.7,1387.7
17/03/2014,1372.9,1391.4,1386.1,1372.2
17/03/2015,1244.5,1244.5,1244.5,1244.5
17/03/2016,1314.1,1314.1,1314.1,1314.1
17/03/2017,1313.6,1313.6,1313.6,1313.6
17/03/2020,1534.1,1561.5,1504.5,1476.3
17/04/2012,1650.3,1653,1652,1637
17/04/2013,1382.2,1394.2,1373.2,1370.2
17/04/2014,1293.4,1303,1300.1,1292.5
17/04/2015,1288.1,1288.1,1288.1,1288.1
17/04/2017,1369.8,1369.8,1369.8,1369.8
17/04/2018,1449.3,1449.3,1449.3,1449.3
17/04/2019,1327.6,1327.6,1327.6,1327.6
17/04/2020,1702.7,1741.3,1740.7,1695.5
17/05/2011,1479.8,1491.8,1489.8,1473
17/05/2012,1574.5,1579,1546.9,1546.9
17/05/2013,1364.9,1391.1,1386.7,1359.1
17/05/2016,1324.9,1324.9,1324.9,1324.9
17/05/2017,1336.2,1336.2,1336.2,1336.2
17/05/2018,1390,1390,1390,1390
17/05/2019,1322.5,1322.5,1322.5,1322.5
17/06/2011,1538.6,1541.6,1523,1523
17/06/2013,1382.8,1390.5,1390.3,1380
17/06/2014,1271.7,1272.8,1272.8,1260.9
17/06/2015,1276.9,1276.9,1276.9,1276.9
17/06/2016,1342.9,1342.9,1342.9,1342.9
17/06/2019,1379.6,1384.2,1379.7,1379.7
17/06/2020,1753.4,1756.8,1751.5,1735.6
17/07/2012,1589.1,1596,1596,1576.3
17/07/2013,1277.9,1300,1286.2,1272.9
17/07/2014,1472.1,1323.8,1303.1,1303.1
17/07/2015,1230.7,1230.7,1230.7,1230.7
17/07/2017,1305.4,1305.4,1305.4,1305.4
17/07/2018,1314.6,1320,1320,1320
17/07/2019,1462.5,1467.3,1455,1455
17/07/2020,1833.7,1837.6,1822.9,1821
17/08/2011,1791.2,1794.3,1784.8,1782
17/08/2012,1616.3,1617.8,1617.8,1611.4
17/08/2015,1207.9,1207.9,1207.9,1207.9
17/08/2016,1410.6,1410.6,1410.6,1410.6
17/08/2017,1359.9,1359.9,1359.9,1359.9
17/08/2018,1258.1,1258.1,1258.1,1258.1
17/08/2020,1998.7,2000.8,1956.4,1939.1
17/09/2012,1767.7,1774.8,1774.8,1753.8
17/09/2013,1309.5,1313.1,1313,1310.2
17/09/2014,1392,1236.2,1236.2,1221.9
17/09/2015,1194.9,1194.9,1194.9,1194.9
17/09/2018,1278.4,1278.4,1278.4,1278.4
17/09/2019,1544.1,1542.3,1538.8,1538.8
17/09/2020,1949.9,1969.3,1967.6,1938.2
17/10/2011,1675.5,1693.5,1683.6,1667.3
17/10/2012,1751.5,1750.7,1749.4,1746
17/10/2013,1322.7,1320.8,1307,1307
17/10/2014,1358.5,1237.5,1237.4,1232.6
17/10/2016,1311.8,1311.8,1311.8,1311.8
17/10/2017,1362.5,1362.5,1362.5,1362.5
17/10/2018,1301.9,1301.9,1301.9,1301.9
17/10/2019,1527.8,1527.6,1519.9,1519.9
17/11/2011,1719.8,1755.3,1755.3,1714
17/11/2014,1303.7,1186.9,1183.1,1180.6
17/11/2015,1126.9,1138.4,1131,1131
17/11/2016,1283.8,1283.8,1283.8,1283.8
17/11/2017,1378,1378,1378,1378
17/11/2020,1885.1,1892.7,1888.2,1876.3
17/12/2012,1697,1698.5,1690.5,1689.5
17/12/2013,1231.2,1240.4,1237,1231.3
17/12/2014,1302.3,1199.6,1198.2,1184
17/12/2015,1108.1,1108.1,1108.1,1108.1
17/12/2018,1317.4,1317.4,1317.4,1317.4
17/12/2019,1506.8,1510,1505.8,1505
17/12/2020,1890.4,1902,1868.4,1865.9
18/01/2011,1368.1,1371,1365.1,1359.2
18/01/2012,1659.5,1660.3,1654,1654
18/01/2013,1686.6,1692,1687.4,1687.3
18/01/2015,1279,1281.9,1281,1275.7
18/01/2016,1088.5,1093.3,1090.2,1087.4
18/01/2017,1295.7,1295.7,1295.7,1295.7
18/01/2018,1419,1419,1419,1419
18/01/2019,1348.1,1348.1,1348.1,1348.1
18/02/2011,1388.2,1391.8,1384.1,1381.8
18/02/2014,1324.7,1330.6,1322.9,1313.9
18/02/2015,1301.5,1301.5,1301.5,1301.5
18/02/2016,1262.5,1262.5,1262.5,1262.5
18/02/2018,1350.5,1352.4,1349.7,1349.7
18/02/2019,1329.55,1330.75,1324.35,1324.05
18/02/2020,1624,1628.3,1605,1603.5
18/03/2011,1415.9,1419.3,1406.4,1406.4
18/03/2013,1604.6,1607.7,1605.9,1601.6
18/03/2014,1359,1361.8,1359.3,1353.4
18/03/2015,1247.5,1247.5,1247.5,1247.5
18/03/2016,1302,1302,1302,1302
18/03/2019,1359.4,1359.4,1359.4,1359.4
18/03/2020,1487.1,1551.1,1547,1485.2
18/04/2011,1492.3,1497.3,1486.3,1477.5
18/04/2012,1638.8,1653.3,1653.2,1638.1
18/04/2013,1392,1396.4,1347.5,1347.5
18/04/2016,1280.3,1280.3,1280.3,1280.3
18/04/2017,1370.9,1370.9,1370.9,1370.9
18/04/2018,1453.5,1460.1,1460.1,1460.1
18/04/2019,1326.9,1326.9,1326.9,1326.9
18/05/2011,1495.6,1497,1496.4,1496.3
18/05/2012,1591.6,1590.8,1573.7,1568.2
18/05/2015,1321.2,1321.2,1321.2,1321.2
18/05/2016,1324.3,1324.3,1324.3,1324.3
18/05/2017,1329.2,1340,1339.8,1339.8
18/05/2018,1391.3,1391.3,1391.3,1391.3
18/05/2020,1760.6,1800,1780,1756.2
18/06/2012,1625.7,1627.6,1622.6,1615
18/06/2013,1366.6,1383.5,1383.1,1363
18/06/2014,1272.4,1272.7,1269.9,1267.4
18/06/2015,1300.8,1300.8,1300.8,1300.8
18/06/2018,1371.5,1371.5,1371.5,1371.5
18/06/2019,1387.4,1394.5,1379.7,1379.7
18/06/2020,1747.9,1765.2,1752.9,1739.6
18/07/2011,1602.1,1605,1592.8,1592.8
18/07/2012,1570.4,1583.7,1581.2,1569.9
18/07/2013,1284.6,1286.4,1275.3,1275.2
18/07/2014,1464.7,1322.7,1322.7,1306.2
18/07/2016,1385.4,1385.4,1385.4,1385.4
18/07/2017,1313.5,1313.5,1313.5,1313.5
18/07/2018,1315,1315,1315,1315
18/07/2019,1467.2,1488.5,1464.4,1459.4
18/08/2011,1818.9,1828.5,1786.5,1785.5
18/08/2014,1452.8,1302.1,1301.4,1295.7
18/08/2015,1206.3,1206.3,1206.3,1206.3
18/08/2016,1419.1,1419.1,1419.1,1419.1
18/08/2017,1358.8,1372.5,1362.7,1362.7
18/08/2020,2013.1,2024.6,1993.6,1985.2
18/09/2012,1768.4,1766.4,1766.3,1766.3
18/09/2013,1307.8,1347.7,1292.1,1292.1
18/09/2014,1383.4,1220.4,1216.2,1216.2
18/09/2015,1214.1,1214.1,1214.1,1214.1
18/09/2017,1380.3,1380.3,1380.3,1380.3
18/09/2018,1275.7,1275.7,1275.7,1275.7
18/09/2019,1546.1,1549,1538.9,1530.4
18/09/2020,1962.1,1968.2,1951.1,1951.1
18/10/2011,1651.7,1666,1666,1627.5
18/10/2012,1743.3,1749.1,1749.1,1740.5
18/10/2013,1314.4,1326,1318.8,1312.6
18/10/2016,1318.6,1318.6,1318.6,1318.6
18/10/2017,1359.3,1359.3,1359.3,1359.3
18/10/2018,1305.1,1305.1,1305.1,1305.1
18/10/2019,1523,1526.1,1526.1,1519.5
18/11/2011,1724.7,1736,1725,1719
18/11/2013,1272.2,1284.8,1284.7,1272.2
18/11/2014,1315.5,1197.1,1197.1,1193.9
18/11/2015,1126.9,1126.9,1126.9,1126.9
18/11/2016,1276.4,1276.4,1276.4,1276.4
18/11/2019,1502.4,1502.8,1498.4,1488.8
18/11/2020,1873.9,1884.2,1879.5,1860.3
18/12/2012,1669.5,1702.8,1701.4,1661
18/12/2013,1236.1,1245.1,1231.5,1217
18/12/2014,1303.9,1207.3,1189.7,1189.7
18/12/2015,1123.3,1123.3,1123.3,1123.3
18/12/2017,1345.6,1345.6,1345.6,1345.6
18/12/2018,1318.5,1318.5,1318.5,1318.5
18/12/2019,1504.3,1508.5,1506.4,1501.7
18/12/2020,1888.9,1895.7,1891.3,1881.9
19/01/2011,1370.2,1376.2,1371.9,1367
19/01/2012,1654.1,1664.4,1663,1653.5
19/01/2015,1275.9,1279.5,1279.4,1272.5
19/01/2016,1135.8,1135.8,1135.8,1135.8
19/01/2017,1285.5,1284,1284,1284
19/01/2018,1425.9,1425.9,1425.9,1425.9
19/01/2020,1557.05,1559.05,1557.4,1556.45
19/02/2013,1603.6,1617,1610,1599.7
19/02/2014,1320.6,1321.6,1318.3,1309.1
19/02/2015,1306.9,1306.9,1306.9,1306.9
19/02/2016,1267.4,1267.4,1267.4,1267.4
19/02/2017,1237.3,1239.25,1236,1236
19/02/2018,1347.8,1353.9,1350.4,1347.4
19/02/2019,1403.9,1403.9,1403.9,1403.9
19/02/2020,1632.2,1634.8,1625,1623.3
19/03/2012,1666.9,1668,1661.2,1652.1
19/03/2013,1611.3,1613.1,1613.1,1613
19/03/2014,1341.4,1358,1357.1,1332.7
19/03/2015,1259.5,1259.5,1259.5,1259.5
19/03/2018,1421.7,1421.7,1421.7,1421.7
19/03/2019,1364.7,1364.7,1364.7,1364.7
19/03/2020,1489.4,1508,1496.6,1476.9
19/04/2011,1494.5,1499.5,1493.3,1489
19/04/2012,1640.6,1653.1,1642.1,1632
19/04/2013,1395.3,1420.3,1419.3,1395.1
19/04/2016,1300.8,1300.8,1300.8,1300.8
19/04/2017,1360.5,1360.5,1360.5,1360.5
19/04/2018,1448.8,1453,1453,1453
19/04/2019,1277.9,1277.9,1277.9,1277.9
19/05/2011,1492.2,1491.5,1491.5,1491.5
19/05/2014,1293.7,1293.7,1293.7,1293.7
19/05/2015,1301.4,1318.2,1317.5,1317.5
19/05/2016,1305.9,1305.9,1305.9,1305.9
19/05/2017,1329.9,1329.9,1329.9,1329.9
19/05/2020,1773.4,1779.6,1763,1754.2
19/06/2012,1622.2,1630.7,1629.8,1622
19/06/2013,1373.6,1372.7,1368.1,1348.1
19/06/2014,1313.7,1321,1277.2,1277.2
19/06/2015,1299.4,1299.4,1299.4,1296
19/06/2017,1318.8,1318.8,1318.8,1318.8
19/06/2018,1369.6,1369.6,1369.6,1369.6
19/06/2019,1384.4,1382.1,1382.1,1382.1
19/06/2020,1768.6,1775.6,1746.6,1745.5
19/07/2011,1600.9,1608.8,1608.1,1583.3
19/07/2012,1580.1,1586.9,1580,1578.4
19/07/2013,1293.3,1292.2,1291.7,1290
19/07/2016,1392.3,1392.3,1392.3,1392.3
19/07/2017,1313.7,1313.7,1313.7,1313.7
19/07/2018,1310.4,1302,1302,1302
19/07/2019,1465.5,1487.4,1483.3,1461.5
19/08/2011,1848.9,1874.4,1823.7,1823.7
19/08/2013,1366.2,1384.4,1379,1363.9
19/08/2014,1449,1301.7,1298.8,1294
19/08/2015,1217.1,1217.1,1217.1,1217.1
19/08/2016,1408,1408,1408,1408
19/08/2019,1537.2,1543.9,1543.9,1531
19/08/2020,1970.3,2015.6,2010.5,1930.5
19/09/2011,1776.4,1818.9,1814.7,1781.8
19/09/2012,1769,1778.5,1776,1768
19/09/2013,1369.4,1373,1362.9,1362.9
19/09/2014,1373.1,1218.3,1218.3,1218.3
19/09/2016,1374.4,1374.4,1374.4,1374.4
19/09/2017,1382.6,1382.6,1382.6,1382.6
19/09/2018,1281.5,1281.5,1281.5,1281.5
19/09/2019,1536.4,1540.4,1528.8,1528.8
19/10/2011,1646,1659.3,1659.3,1641
19/10/2012,1722.8,1741.1,1741.1,1721
19/10/2015,1236.3,1236.3,1236.3,1236.3
19/10/2016,1325.2,1325.2,1325.2,1325.2
19/10/2017,1365.9,1365.9,1365.9,1365.9
19/10/2018,1303.8,1303.8,1303.8,1303.8
19/10/2020,1911.7,1923.4,1903.2,1900.2
19/11/2012,1734,1731,1721.8,1721.8
19/11/2013,1273.4,1275.2,1274.2,1271
19/11/2014,1313.4,1198.3,1196.5,1190
19/11/2015,1135.6,1135.2,1135.2,1135.2
19/11/2018,1297.5,1297.5,1297.5,1297.5
19/11/2019,1504.8,1506.1,1501.3,1497
19/11/2020,1861.5,1872.6,1872,1850
19/12/2011,1594.4,1603.4,1596.4,1589.7
19/12/2012,1666.5,1676,1675.3,1664.6
19/12/2013,1195,1226.6,1226.6,1188.7
19/12/2014,1305.6,1200.8,1198,1196.5
19/12/2016,1225.9,1225.9,1225.9,1225.9
19/12/2017,1344.8,1344.8,1344.8,1344.8
19/12/2018,1321.3,1321.3,1321.3,1321.3
19/12/2019,1510,1510.4,1505.4,1503.5
20/01/2011,1346.5,1367.7,1367.7,1345
20/01/2012,1663.7,1664.3,1652.8,1652.8
20/01/2014,1255.1,1257.9,1255.7,1253.1
20/01/2015,1412.4,1380,1380,1380
20/01/2016,1151.7,1151.7,1151.7,1151.7
20/01/2017,1289.2,1289.2,1289.2,1289.2
20/01/2019,1282.05,1282.7,1281.3,1280.5
20/01/2020,1561.25,1562.7,1557.2,1556.65
20/02/2013,1577.6,1606.9,1604.7,1561.8
20/02/2014,1317.1,1323.5,1310.7,1309.6
20/02/2015,1303.2,1303.2,1303.2,1303.2
20/02/2017,1238.2,1240.15,1237.25,1233.5
20/02/2018,1428.4,1428.4,1428.4,1428.4
20/02/2019,1406.7,1406.7,1406.7,1406.7
20/02/2020,1640.8,1645.5,1634,1627.7
20/03/2012,1646.7,1652.3,1648.1,1642
20/03/2013,1607.5,1613,1610,1606.2
20/03/2014,1330.5,1333.7,1333.7,1325.8
20/03/2015,1274.7,1274.7,1274.7,1274.7
20/03/2017,1317.2,1317.2,1317.2,1317.2
20/03/2018,1416.2,1416.2,1416.2,1416.2
20/03/2019,1359.5,1359.5,1359.5,1359.5
20/03/2020,1495.1,1530,1468,1468
20/04/2011,1498.3,1505.3,1494,1494
20/04/2012,1642.1,1645.6,1641.7,1640.9
20/04/2015,1279.3,1279.3,1279.3,1279.3
20/04/2016,1302.3,1302.3,1302.3,1302.3
20/04/2017,1361.7,1361.7,1361.7,1361.7
20/04/2018,1438.2,1442,1442,1442
20/04/2020,1715.3,1722,1697.2,1689.2
20/05/2011,1508.8,1513.3,1499,1488.7
20/05/2013,1384.3,1391.9,1342.9,1342.9
20/05/2014,1294.5,1290.7,1290.7,1290.1
20/05/2015,1303.5,1303.5,1303.5,1303.5
20/05/2016,1305.9,1305.9,1305.9,1305.9
20/05/2019,1324.2,1324.2,1324.2,1324.2
20/05/2020,1781.7,1785.1,1777.7,1773
20/06/2011,1541.5,1545.7,1536,1535.2
20/06/2012,1614.8,1618.3,1618.3,1598.6
20/06/2013,1285.9,1348.1,1348.1,1275.4
20/06/2014,1316.2,1321.4,1321.4,1306.8
20/06/2016,1344.2,1344.2,1344.2,1344.2
20/06/2017,1315.2,1315.2,1315.2,1315.2
20/06/2018,1365.7,1376.8,1376.8,1376.8
20/06/2019,1429.4,1428.7,1419.1,1417.4
20/07/2011,1596.7,1596.5,1584.3,1582.4
20/07/2012,1582.5,1584.4,1583.9,1576.1
20/07/2015,1205.5,1205.5,1205.5,1205.5
20/07/2016,1379.7,1379.7,1379.7,1379.7
20/07/2017,1317.1,1317.1,1317.1,1317.1
20/07/2018,1316.8,1316.8,1316.8,1316.8
20/07/2020,1840.1,1846.1,1835.5,1830.7
20/08/2012,1620.1,1621.4,1614,1611.6
20/08/2013,1373.1,1377,1355,1355
20/08/2014,1449,1295.8,1295.4,1288.4
20/08/2015,1242.2,1242.2,1242.2,1242.2
20/08/2018,1267.5,1266,1266,1266
20/08/2019,1541.3,1540.7,1530.2,1530.2
20/08/2020,1946.5,1963.1,1934.4,1928.9
20/09/2011,1806.6,1807.8,1778.8,1776
20/09/2012,1767.7,1771.3,1769.1,1759.7
20/09/2013,1332.5,1347.5,1347.5,1330.7
20/09/2016,1374.7,1374.7,1374.7,1374.7
20/09/2017,1388.3,1388.3,1388.3,1388.3
20/09/2018,1284.4,1284.4,1284.4,1284.4
20/09/2019,1545.3,1553.5,1537.8,1537.8
20/10/2011,1611.9,1643.8,1643.2,1608.7
20/10/2014,1364.3,1244,1237.3,1235.4
20/10/2015,1240.9,1240.9,1240.9,1240.9
20/10/2016,1323.5,1323.5,1323.5,1323.5
20/10/2017,1356.2,1356.2,1356.2,1356.2
20/10/2020,1915.4,1917.6,1906.4,1896.6
20/11/2012,1723.2,1731.1,1730.6,1722.5
20/11/2013,1257.9,1269,1269,1241.9
20/11/2014,1308.9,1191.9,1191.8,1190.7
20/11/2015,1133.8,1133.8,1133.8,1133.8
20/11/2017,1357.6,1357.6,1357.6,1357.6
20/11/2018,1293.4,1293.4,1293.4,1293.4
20/11/2019,1504.5,1509.2,1505.5,1498
20/11/2020,1872.4,1879.2,1864.8,1859.1
20/12/2011,1615.6,1617,1596.4,1596.4
20/12/2012,1644.9,1671,1667.9,1637.6
20/12/2013,1205.1,1207.8,1190.9,1190.9
20/12/2016,1217,1217,1217,1217
20/12/2017,1350.4,1350.4,1350.4,1350.4
20/12/2018,1333.1,1333.1,1333.1,1333.1
20/12/2019,1506.4,1510,1508.1,1505.2
21/01/2011,1341,1345.6,1341.7,1338.6
21/01/2014,1242.3,1257.5,1256.4,1240
21/01/2015,1413.4,1391.1,1391.1,1390.9
21/01/2016,1143.6,1143.6,1143.6,1143.6
21/01/2019,1279.05,1282.95,1281.95,1276.15
21/01/2020,1584.7,1593.8,1584,1573.6
21/02/2012,1757.1,1760,1736.1,1733.6
21/02/2013,1578.2,1581.2,1568.5,1554.5
21/02/2014,1323.9,1328.3,1320,1317.4
21/02/2017,1319.2,1319.2,1319.2,1319.2
21/02/2018,1430.6,1430.6,1430.6,1430.6
21/02/2019,1387.2,1388,1388,1388
21/02/2020,1669.1,1671.2,1645.5,1642.4
21/03/2011,1426.2,1433.5,1433.5,1430.8
21/03/2012,1650,1660,1657.8,1646.1
21/03/2013,1613.8,1613,1612.8,1611.9
21/03/2014,1336,1339.1,1339.1,1335
21/03/2016,1292.7,1292.7,1292.7,1292.7
21/03/2017,1329,1316.5,1316.5,1316.5
21/03/2018,1426.6,1426.6,1426.6,1426.6
21/03/2019,1364.5,1364.5,1364.5,1364.5
21/04/2011,1503.2,1508.3,1503.7,1501.7
21/04/2014,1288,1299.2,1290,1283.7
21/04/2015,1289.1,1289.1,1289.1,1289.1
21/04/2016,1299.5,1299.5,1299.5,1299.5
21/04/2017,1367,1378,1359.8,1359.8
21/04/2020,1692.1,1720.8,1717.6,1670.3
21/05/2012,1588.4,1594.1,1591.9,1591.9
21/05/2013,1377.8,1392.3,1386.5,1358.5
21/05/2014,1288,1287.4,1287.4,1287.4
21/05/2015,1298.1,1298.1,1298.1,1296.5
21/05/2018,1391.1,1391.1,1391.1,1391.1
21/05/2019,1320.1,1320.1,1320.1,1320.1
21/05/2020,1750.4,1779.8,1778.8,1743.8
21/06/2011,1546,1547.5,1540.1,1540
21/06/2012,1564.5,1603.3,1603.2,1565.5
21/06/2013,1291.6,1300,1280.4,1268.9
21/06/2016,1324.6,1324.6,1324.6,1324.6
21/06/2017,1317.1,1317.1,1317.1,1317.1
21/06/2018,1361.4,1360,1360,1360
21/06/2019,1432.7,1444,1444,1419.6
21/07/2011,1586.8,1601.6,1598,1586.6
21/07/2014,1469.6,1315.5,1311,1311
21/07/2015,1199.5,1199.5,1199.5,1199.5
21/07/2016,1392.2,1392.2,1392.2,1392.2
21/07/2017,1325.9,1325.9,1325.9,1325.9
21/07/2020,1869.6,1870.5,1842.5,1839.9
21/08/2012,1639.9,1639,1620,1620
21/08/2013,1370.6,1377.3,1372.5,1360.9
21/08/2014,1429.2,1290,1290,1272
21/08/2015,1246.8,1246.8,1246.8,1246.8
21/08/2017,1364.1,1364.1,1364.1,1364.1
21/08/2018,1272.8,1272.9,1272.9,1272.9
21/08/2019,1541.5,1540.6,1532.7,1532.7
21/08/2020,1947,1963.1,1955.6,1916.6
21/09/2011,1805.5,1812,1808,1782.8
21/09/2012,1775.5,1785.3,1785.3,1772.3
21/09/2015,1209.4,1209.4,1209.4,1209.4
21/09/2016,1388.3,1388.3,1388.3,1388.3
21/09/2017,1366.7,1367.3,1367.3,1367.3
21/09/2018,1274.3,1274.3,1274.3,1274.3
21/09/2020,1910.6,1962.9,1957.3,1885.4
21/10/2011,1635.1,1647.4,1626.1,1626.1
21/10/2013,1315.7,1317.7,1316.8,1316.5
21/10/2014,1371.8,1251,1251,1251
21/10/2015,1229.7,1229.7,1229.7,1229.7
21/10/2016,1323,1323,1323,1323
21/10/2019,1517.3,1524.9,1524.9,1515
21/10/2020,1929.5,1936,1911.6,1911.6
21/11/2011,1678.3,1704.6,1704.6,1674.4
21/11/2012,1727.9,1725.8,1725.8,1725.8
21/11/2013,1243.5,1247.1,1245.7,1236.5
21/11/2014,1315.9,1202.4,1191,1189
21/11/2016,1276.8,1276.8,1276.8,1276.8
21/11/2017,1364.8,1364.8,1364.8,1364.8
21/11/2018,1300.8,1300.8,1300.8,1300.8
21/11/2019,1494,1505.7,1505.5,1494
21/12/2011,1611.9,1635,1615.6,1608.3
21/12/2012,1659.1,1656.7,1648,1635.8
21/12/2015,1140.5,1140.5,1140.5,1140.5
21/12/2016,1216.5,1216.5,1216.5,1216.5
21/12/2017,1351.3,1351.3,1351.3,1351.3
21/12/2018,1323.1,1323.1,1323.1,1323.1
21/12/2020,1882.8,1912,1892.9,1859
22/01/2013,1692.8,1694.7,1690.3,1687.8
22/01/2014,1239,1242,1241.7,1240.1
22/01/2015,1425.2,1425.2,1425.2,1425.2
22/01/2016,1142.6,1142.6,1142.6,1142.6
22/01/2018,1429.6,1429.6,1429.6,1429.6
22/01/2019,1348.4,1348.4,1348.4,1348.4
22/01/2020,1583.5,1585.5,1583.1,1577.6
22/02/2011,1400.5,1408.7,1395.1,1395.1
22/02/2012,1770,1781.9,1758.7,1750
22/02/2013,1572.4,1585.4,1580,1572.3
22/02/2016,1246.7,1246,1246,1246
22/02/2017,1313.3,1313.3,1313.3,1313.3
22/02/2018,1431.4,1431.4,1431.4,1431.4
22/02/2019,1392.5,1392.5,1392.5,1392.5
22/03/2011,1427.5,1430.4,1430.4,1430.4
22/03/2012,1642.3,1649.4,1648,1633.8
22/03/2013,1606.2,1611,1611,1604.1
22/03/2016,1298.8,1298.8,1298.8,1298.8
22/03/2017,1331.5,1331.5,1331.5,1331.5
22/03/2018,1432.2,1432.2,1432.2,1432.2
22/03/2019,1369.3,1368.2,1368.2,1368.2
22/04/2013,1421,1434.9,1406.8,1406.8
22/04/2014,1280.6,1291.6,1289.2,1276
22/04/2015,1274.7,1274.7,1274.7,1274.7
22/04/2016,1278.8,1278.8,1278.8,1278.8
22/04/2019,1328.5,1328.5,1328.5,1328.5
22/04/2020,1743.5,1747.1,1707.6,1700
22/05/2012,1576.3,1591.1,1575.7,1568.4
22/05/2013,1367.6,1395.7,1387.2,1364.5
22/05/2014,1294.9,1295,1294.2,1294.2
22/05/2015,1299.7,1299.7,1299.7,1292
22/05/2017,1338,1338,1338,1338
22/05/2018,1392.1,1392.1,1392.1,1392.1
22/05/2019,1321.3,1321.3,1321.3,1321.3
22/05/2020,1765.6,1768.3,1755.9,1750.6
22/06/2011,1552.9,1558.5,1547.2,1544.4
22/06/2012,1566,1569.3,1565.5,1560
22/06/2015,1282.1,1282.1,1282.1,1282.1
22/06/2016,1322.1,1322.1,1322.1,1322.1
22/06/2017,1320.4,1320.4,1320.4,1320.4
22/06/2018,1361.7,1365,1365,1365
22/06/2020,1781.7,1793.6,1780.3,1769
22/07/2011,1601.3,1606.5,1588.5,1588.5
22/07/2013,1336.4,1332.2,1317,1317
22/07/2014,1461.6,1306.1,1306.1,1306.1
22/07/2015,1187.6,1187.6,1187.6,1187.6
22/07/2016,1385.5,1385.5,1385.5,1385.5
22/07/2019,1466,1466,1466,1466
22/07/2020,1892.6,1899,1867.8,1867.8
22/08/2011,1888.7,1895,1868.6,1858.4
22/08/2012,1637.4,1653.1,1638.4,1635
22/08/2013,1371.2,1380.4,1362,1362
22/08/2014,1434.1,1280,1276,1275
22/08/2016,1405.2,1405.2,1405.2,1405.2
22/08/2017,1358.6,1358.6,1358.6,1358.6
22/08/2018,1275.8,1280.2,1280.2,1278.2
22/08/2019,1534.4,1538.8,1534.3,1530.5
22/09/2011,1739.2,1773.2,1773.2,1730.9
22/09/2014,1374.2,1214.9,1214.9,1212.4
22/09/2015,1199.6,1199.6,1199.6,1199.6
22/09/2016,1399.2,1399.2,1399.2,1399.2
22/09/2017,1369.4,1369.4,1369.4,1369.4
22/09/2020,1907.6,1925.5,1918.1,1898.9
22/10/2012,1725.1,1728.3,1715,1715
22/10/2013,1342.5,1342.6,1313.9,1313.9
22/10/2014,1366.6,1244.8,1244.8,1244.3
22/10/2015,1228.2,1228.2,1228.2,1228.2
22/10/2018,1299.8,1299.8,1299.8,1299.8
22/10/2019,1516.6,1519,1517.3,1515
22/10/2020,1904.6,1929.4,1927.4,1894.2
22/11/2011,1702.2,1679.8,1675.4,1675.4
22/11/2013,1244,1247,1243.2,1241.4
22/11/2016,1278,1278,1278,1278
22/11/2017,1376.4,1376.4,1376.4,1376.4
22/11/2018,1228,1229.7,1226.4,1225.5
22/11/2019,1494.4,1502.3,1497.7,1492
22/12/2011,1608.9,1610,1608.8,1601.9
22/12/2014,1289.7,1198,1198,1172.7
22/12/2015,1134,1134,1134,1134
22/12/2016,1213.8,1213.8,1213.8,1213.8
22/12/2017,1359.8,1354.3,1353.7,1353.7
22/12/2020,1870.3,1889.4,1883,1863.7
23/01/2012,1678,1680,1676.9,1669.9
23/01/2013,1686.3,1693.7,1691.3,1685.2
23/01/2014,1262.6,1264.2,1235.2,1235.2
23/01/2015,1417.6,1417.6,1417.6,1417.6
23/01/2017,1298.9,1298.9,1298.9,1298.9
23/01/2018,1434.2,1434.2,1434.2,1434.2
23/01/2019,1349.3,1349.3,1349.3,1349.3
23/01/2020,1592.1,1593.5,1585,1580.1
23/02/2011,1413.4,1413.8,1397.8,1397.8
23/02/2012,1784.9,1786,1774,1773
23/02/2015,1298.7,1298.7,1298.7,1298.7
23/02/2016,1261.4,1261.4,1261.4,1261.4
23/02/2017,1331.7,1331.7,1331.7,1331.7
23/02/2018,1429,1429,1429,1429
23/03/2011,1437.9,1439.7,1432.2,1432.2
23/03/2012,1662.3,1665.1,1652.5,1646.3
23/03/2015,1277.5,1277.5,1277.5,1277.5
23/03/2016,1274,1299,1299,1269.7
23/03/2017,1328.5,1328.5,1328.5,1328.5
23/03/2018,1455,1455,1455,1455
23/03/2020,1581.4,1583.7,1520,1498.9
23/04/2012,1631.9,1642.4,1642.4,1625.1
23/04/2013,1408.6,1429.5,1429.5,1405.8
23/04/2014,1284.2,1287.7,1284.3,1282.4
23/04/2015,1282,1282,1282,1282
23/04/2018,1424,1424,1424,1424
23/04/2019,1323.8,1323.8,1323.8,1323.8
23/04/2020,1751,1769.2,1741.4,1736
23/05/2011,1515.3,1513,1510.5,1507
23/05/2012,1548.1,1538.2,1538.2,1534.4
23/05/2013,1392,1394.8,1380.6,1377.8
23/05/2014,1291.6,1293.4,1293.2,1293.2
23/05/2016,1304.9,1304.9,1304.9,1304.9
23/05/2017,1332.1,1332.1,1332.1,1332.1
23/05/2018,1389.2,1389.2,1389.2,1389.2
23/05/2019,1331.8,1328.4,1328.4,1328.4
23/06/2011,1520.1,1547.2,1547.2,1514.7
23/06/2014,1318,1316.9,1312.3,1312.3
23/06/2015,1274.8,1274.8,1274.8,1274.8
23/06/2016,1317.7,1317.7,1317.7,1317.7
23/06/2017,1327.7,1327.7,1327.7,1327.7
23/06/2020,1797.1,1801.5,1780,1774
23/07/2012,1577.1,1572,1571.7,1569.8
23/07/2013,1335.1,1342.3,1334.8,1327.9
23/07/2014,1460.3,1304.5,1304.5,1304.5
23/07/2015,1190.1,1190.1,1190.1,1190.1
23/07/2018,1310.7,1307.6,1307.6,1307.6
23/07/2019,1460.8,1459.6,1458.6,1458.6
23/07/2020,1917.4,1927.1,1900,1890.4
23/08/2011,1858.3,1909.3,1909,1824.6
23/08/2012,1669.6,1672.7,1659.9,1658
23/08/2013,1395.7,1398.2,1376.8,1373.9
23/08/2016,1407.8,1407.8,1407.8,1407.8
23/08/2017,1361.7,1361.7,1361.7,1361.7
23/08/2018,1265.2,1265.2,1265.2,1265.2
23/08/2019,1563.5,1563.5,1539,1537.3
23/09/2011,1637.5,1737.3,1737.3,1636.3
23/09/2013,1326.9,1327.8,1327.1,1317.6
23/09/2014,1377.2,1221,1221,1221
23/09/2015,1206.3,1206.3,1206.3,1206.3
23/09/2016,1396,1396,1396,1396
23/09/2019,1561.6,1562.5,1556.6,1556.6
23/09/2020,1868.4,1909.9,1905.1,1856
23/10/2012,1708.3,1728.5,1726.6,1708.4
23/10/2013,1333.9,1333.4,1331.9,1331.9
23/10/2014,1352.1,1228,1228,1227.9
23/10/2015,1218.7,1218.7,1218.7,1218.7
23/10/2017,1356.9,1356.9,1356.9,1356.9
23/10/2018,1312,1312,1312,1312
23/10/2019,1524.9,1526.1,1522,1522
23/10/2020,1905.2,1917.3,1906.5,1895.2
23/11/2011,1695.7,1700,1691.2,1681.6
23/11/2012,1751.3,1735,1735,1735
23/11/2015,1124.7,1124.7,1124.7,1124.7
23/11/2016,1256.9,1256.9,1256.9,1256.9
23/11/2017,1291.66,1293.87,1291.19,1287.65
23/11/2018,1296.1,1296.1,1296.1,1296.1
23/11/2020,1837.8,1875,1869.8,1828
23/12/2011,1604.7,1612.8,1612,1605.8
23/12/2013,1198.4,1205.2,1205.2,1195.9
23/12/2014,1289.7,1180.3,1179.3,1175
23/12/2015,1128.2,1128.2,1128.2,1128.2
23/12/2016,1216.8,1216.8,1216.8,1216.8
23/12/2019,1514.4,1514.9,1510.7,1510.7
23/12/2020,1878.1,1883.7,1865.6,1860.9
24/01/2011,1344.5,1352.3,1352.3,1341.8
24/01/2012,1664.2,1668.2,1666.9,1664.4
24/01/2013,1669.5,1681.7,1680.8,1668
24/01/2014,1264.5,1269.4,1258.3,1258.3
24/01/2017,1294.1,1299.6,1299.6,1295.4
24/01/2018,1456.3,1456.3,1456.3,1456.3
24/01/2019,1344.9,1344.9,1344.9,1344.9
24/01/2020,1599,1601.4,1589.1,1584
24/02/2011,1415.3,1415.3,1415.1,1408.3
24/02/2012,1775.1,1780.7,1778.5,1771.3
24/02/2014,1338.3,1339,1324.3,1321.4
24/02/2015,1293.1,1293.1,1293.1,1293.1
24/02/2016,1277.1,1277.1,1277.1,1277.1
24/02/2017,1338.4,1338.4,1338.4,1338.4
24/02/2020,1697.1,1711.8,1673.3,1673.3
24/03/2011,1434.8,1446.9,1437.7,1437.5
24/03/2014,1311.2,1333,1333,1310.5
24/03/2015,1281.2,1281.2,1281.2,1281.2
24/03/2016,1272.4,1272.4,1272.4,1272.4
24/03/2017,1330.4,1330.4,1330.4,1330.4
24/03/2020,1663,1691.4,1578,1578
24/04/2012,1643,1648.6,1634.4,1634.4
24/04/2013,1423.4,1430.1,1423.2,1420.4
24/04/2014,1290.5,1297.9,1284.6,1272.4
24/04/2015,1260.4,1260.4,1260.4,1260.4
24/04/2017,1355.8,1355.8,1355.8,1355.8
24/04/2018,1433.1,1433.1,1433.1,1433.1
24/04/2019,1329.9,1329.9,1329.9,1329.9
24/04/2020,1741.7,1765.5,1754.4,1733
24/05/2011,1523.2,1527.1,1527.1,1521.9
24/05/2012,1557.3,1569.4,1559,1551.5
24/05/2013,1386.8,1386.8,1386.8,1386.8
24/05/2015,1204.4,1205.8,1205.8,1203.9
24/05/2016,1282.7,1282.7,1282.7,1282.7
24/05/2017,1329.7,1329.7,1329.7,1329.7
24/05/2018,1404.2,1404.2,1404.2,1404.2
24/05/2019,1330.1,1329.2,1329.2,1329.2
24/05/2020,1730.65,1735.9,1735.45,1729.8
24/06/2011,1500.5,1525,1524.7,1498.5
24/06/2013,1276.8,1297.3,1297.3,1275.7
24/06/2014,1320.9,1325.6,1315.6,1315.6
24/06/2015,1271,1271,1271,1271
24/06/2016,1376.8,1376.8,1376.8,1376.8
24/06/2019,1450.9,1449.6,1439.1,1439
24/06/2020,1792.6,1810.7,1800.4,1787.8
24/07/2012,1576,1581.9,1574,1574
24/07/2013,1319.7,1345.1,1342.2,1318.6
24/07/2014,1447.3,1297.5,1297.5,1297.5
24/07/2015,1180,1180,1180,1180
24/07/2017,1325.4,1323.6,1323.6,1323.6
24/07/2018,1310.8,1310.8,1310.8,1310.8
24/07/2019,1462.9,1467.2,1467.2,1467.2
24/07/2020,1925.2,1933.6,1912.3,1908
24/08/2011,1754.1,1853.1,1833,1753.1
24/08/2012,1669.8,1669.6,1665.8,1662.2
24/08/2015,1238.9,1238.9,1238.9,1238.9
24/08/2016,1390.4,1389,1389,1389
24/08/2017,1358.9,1358.9,1358.9,1358.9
24/08/2018,1285,1285,1285,1285
24/08/2020,1939.2,1970.3,1947.9,1930.8
24/09/2012,1762.1,1762.1,1762.1,1762.1
24/09/2013,1316,1324.9,1321.2,1309.4
24/09/2014,1374.9,1216.8,1216.8,1216.8
24/09/2015,1226.9,1226.9,1226.9,1226.9
24/09/2018,1277.4,1277.4,1277.4,1277.4
24/09/2019,1570.1,1573,1560.1,1554.9
24/09/2020,1876.9,1880.9,1866.9,1851
24/10/2011,1651.5,1657.8,1646.2,1638.8
24/10/2012,1700.5,1708.5,1708.4,1698.6
24/10/2013,1350.2,1350.1,1334.5,1334.5
24/10/2014,1355,1232.7,1229.4,1229.4
24/10/2016,1317.2,1317.2,1317.2,1317.2
24/10/2017,1354.2,1354.2,1354.2,1354.2
24/10/2018,1305.5,1305.5,1305.5,1305.5
24/10/2019,1533.9,1534.7,1524.3,1522
24/11/2014,1314.2,1197.9,1197.7,1196.5
24/11/2015,1131.6,1131.6,1131.6,1131.6
24/11/2016,1185.55,1190.3,1189.2,1179.75
24/11/2017,1371.6,1371.6,1371.6,1371.6
24/11/2020,1810.9,1843,1842.6,1803.7
24/12/2012,1658.6,1663.8,1657.7,1654.9
24/12/2013,1205.1,1205.6,1199.8,1197.7
24/12/2014,1285.6,1179.3,1177,1173.7
24/12/2015,1135.9,1135.9,1135.9,1135.9
24/12/2018,1337,1337,1337,1337
24/12/2019,1530.5,1530.1,1518.6,1518.6
24/12/2020,1883.2,1887.4,1877.3,1873.1
25/01/2011,1332.3,1331.5,1330.4,1323.6
25/01/2012,1699.8,1706.2,1673,1658.3
25/01/2013,1656.4,1663,1663,1657.2
25/01/2016,1152.4,1152.4,1152.4,1152.4
25/01/2017,1281.1,1281.1,1281.1,1281.1
25/01/2018,1463.1,1463.1,1463.1,1463.1
25/01/2019,1364,1360,1360,1360
25/02/2011,1408.7,1411,1401.7,1401
25/02/2013,1586.2,1596,1579.4,1577.7
25/02/2014,1343,1343.9,1336.4,1333.1
25/02/2015,1296,1296,1296,1296
25/02/2016,1277,1277,1277,1277
25/02/2019,1389,1389,1389,1389
25/02/2020,1670.2,1681.6,1681.6,1650
25/03/2011,1426.1,1436,1436,1436
25/03/2013,1604.6,1607.8,1607.1,1596.1
25/03/2014,1311.4,1315.5,1315.5,1307.5
25/03/2015,1287.3,1287.3,1287.3,1287.3
25/03/2016,1216.7,1216.7,1216.7,1216.7
25/03/2019,1378.1,1378.1,1378.1,1378.1
25/03/2020,1633.3,1695,1688,1607.5
25/04/2011,1508.6,1518,1513.3,1502.8
25/04/2012,1641.4,1643.8,1641.3,1626.9
25/04/2013,1461.8,1458.3,1433,1433
25/04/2014,1300.7,1304.6,1293.8,1293.8
25/04/2016,1289.1,1289.1,1289.1,1289.1
25/04/2017,1346,1346,1346,1346
25/04/2018,1422.9,1422.9,1422.9,1422.9
25/04/2019,1330.2,1330.2,1330.2,1330.2
25/05/2011,1526.6,1527.5,1526.4,1526.1
25/05/2012,1568.8,1568,1558.2,1557.3
25/05/2014,1291.7,1294.2,1293.9,1291.1
25/05/2015,1207.4,1209,1204.6,1203.3
25/05/2016,1277.4,1277.4,1277.4,1277.4
25/05/2017,1333.3,1333.3,1333.3,1333.3
25/05/2018,1403.2,1403.2,1403.2,1403.2
25/05/2020,1727,1731.35,1730.55,1719.25
25/06/2012,1587.5,1587.3,1574.9,1571
25/06/2013,1274.8,1286,1281.3,1273.2
25/06/2014,1322.2,1323.4,1315.3,1312
25/06/2015,1270.3,1270.3,1270.3,1270.3
25/06/2018,1359.6,1353.7,1353.7,1353.7
25/06/2019,1451.3,1473.9,1461.3,1448.7
25/06/2020,1788.4,1796.6,1789.3,1781.6
25/07/2011,1612,1619.4,1610,1610
25/07/2012,1608,1603.9,1583.7,1583.3
25/07/2013,1329,1336.8,1318.5,1318.5
25/07/2014,1460.3,1294.8,1294.8,1294.8
25/07/2016,1381.3,1381.3,1381.3,1381.3
25/07/2017,1323.2,1323.2,1323.2,1323.2
25/07/2018,1316.7,1316.7,1316.7,1316.7
25/07/2019,1454.4,1468,1465.1,1456.1
25/08/2011,1759.8,1772.5,1748.4,1707.3
25/08/2014,1433.1,1424.9,1424.9,1424.9
25/08/2015,1223.7,1223.7,1223.7,1223.7
25/08/2016,1384,1384.4,1384.4,1384.4
25/08/2017,1364.8,1364.8,1364.8,1364.8
25/08/2020,1923.1,1944.1,1935.9,1919.1
25/09/2012,1763.8,1772.7,1772.6,1772.6
25/09/2013,1335.9,1335.3,1322.7,1322.7
25/09/2014,1376.4,1216.1,1209.5,1209.5
25/09/2015,1218.8,1218.8,1218.8,1218.8
25/09/2017,1383.5,1382,1382,1382
25/09/2018,1278.2,1278.2,1278.2,1278.2
25/09/2019,1542,1572,1572,1539.1
25/09/2020,1866.3,1879.3,1872.7,1854.1
25/10/2011,1699.6,1706.8,1645,1645
25/10/2012,1712,1716.7,1711.7,1711.7
25/10/2013,1352.4,1353,1346.2,1346.2
25/10/2016,1331.6,1331.6,1331.6,1331.6
25/10/2017,1355.5,1355.5,1355.5,1355.5
25/10/2018,1306.7,1306.7,1306.7,1306.7
25/10/2019,1535.1,1549.9,1537.5,1535
25/11/2011,1685.5,1693.5,1690.1,1675.3
25/11/2013,1241.1,1240.7,1231.1,1229
25/11/2014,1315.2,1197.1,1197.1,1197.1
25/11/2015,1128.4,1128.4,1128.4,1128.4
25/11/2016,1245.5,1245.5,1245.5,1245.5
25/11/2019,1488.1,1492,1490.9,1485.2
25/11/2020,1811.2,1821.7,1812,1804.7
25/12/2014,1177,1178.9,1175,1175
25/12/2016,1135,1135,1135,1135
25/12/2017,1277.9,1279.5,1278.9,1277.9
25/12/2018,1270.75,1274.55,1272.5,1270.65
25/12/2019,1504.05,1504.4,1504.4,1502.15
26/01/2011,1333,1341.7,1339.8,1339.8
26/01/2012,1726.3,1729,1729,1721
26/01/2015,1405.6,1405.6,1405.6,1405.6
26/01/2016,1167.3,1167.3,1167.3,1167.3
26/01/2017,1272.9,1275.1,1275.1,1275.1
26/01/2018,1453.7,1453.7,1453.7,1453.7
26/02/2013,1615.2,1609,1593.3,1589
26/02/2014,1328.2,1344,1341.2,1325.6
26/02/2015,1306.1,1306.1,1306.1,1306.1
26/02/2016,1258.8,1258.8,1258.8,1258.8
26/02/2018,1433.1,1433.1,1433.1,1433.1
26/02/2019,1387.9,1387.9,1387.9,1387.9
26/02/2020,1662.9,1676.7,1656.4,1646.7
26/03/2012,1685.5,1692.9,1665,1657.8
26/03/2013,1595.8,1595.8,1595.8,1595.8
26/03/2014,1303.4,1315.2,1315.2,1311.8
26/03/2015,1297,1297,1297,1297
26/03/2018,1461,1461,1461,1461
26/03/2019,1369.3,1369.3,1369.3,1369.3
26/03/2020,1662,1678,1639.6,1615
26/04/2011,1503,1506.3,1501.5,1495
26/04/2012,1659.6,1658.7,1658.3,1658.3
26/04/2013,1453.6,1480,1467.4,1451.4
26/04/2016,1292.4,1292.4,1292.4,1292.4
26/04/2017,1343,1343,1343,1343
26/04/2018,1418,1418,1418,1418
26/04/2019,1339.2,1339.2,1339.2,1339.2
26/05/2011,1522.8,1521.2,1521.2,1519.5
26/05/2014,1292.5,1294.4,1291.6,1291.4
26/05/2015,1282.2,1288.9,1288.9,1280
26/05/2016,1273.6,1273.6,1273.6,1273.6
26/05/2017,1344.8,1344.8,1344.8,1344.8
26/05/2019,1284.15,1285.15,1284.2,1283.65
26/05/2020,1740.5,1768,1761,1734.8
26/06/2012,1574,1583.5,1583.5,1567.7
26/06/2013,1229.6,1273.9,1273.9,1228.8
26/06/2014,1316.1,1319.6,1319.6,1312.4
26/06/2015,1273.1,1273.1,1273.1,1270
26/06/2017,1317.7,1317.7,1317.7,1317.7
26/06/2018,1350,1350,1350,1350
26/06/2019,1447.8,1445.4,1441.9,1440.5
26/06/2020,1798.5,1804,1792.5,1772
26/07/2011,1616.6,1618.5,1609.8,1609.8
26/07/2012,1615,1614.9,1614.9,1614.1
26/07/2013,1321.7,1326.5,1326.5,1322.4
26/07/2016,1382.6,1382.6,1382.6,1382.6
26/07/2017,1322.4,1322.4,1322.4,1322.4
26/07/2018,1311.5,1311.5,1311.5,1311.5
26/07/2019,1460.4,1460.4,1460.4,1460.4
26/08/2011,1794.1,1829.3,1768.5,1768.5
26/08/2013,1393,1403,1398.6,1391.3
26/08/2014,1439.3,1289.5,1289.4,1281.1
26/08/2015,1209,1209,1209,1209
26/08/2016,1383.2,1383.2,1383.2,1383.2
26/08/2019,1563.1,1584.5,1584.5,1563.2
26/08/2020,1952.5,1963.4,1939,1908.4
26/09/2011,1592.5,1661.8,1646.4,1562.4
26/09/2012,1750.6,1764.2,1762.8,1737.6
26/09/2013,1323.6,1338.3,1335.2,1335.2
26/09/2014,1370.4,1214.1,1214.1,1214.1
26/09/2016,1398.6,1398.6,1398.6,1398.6
26/09/2017,1374.1,1374.1,1374.1,1374.1
26/09/2018,1271.8,1271.8,1271.8,1271.8
26/09/2019,1545,1547,1538.9,1538
26/10/2011,1722.7,1723.6,1717,1708.9
26/10/2012,1710.9,1716.2,1706.1,1706.1
26/10/2015,1220.3,1220.3,1220.3,1220.3
26/10/2016,1324.6,1324.6,1324.6,1324.6
26/10/2017,1346.5,1346.5,1346.5,1346.5
26/10/2018,1309.7,1309.7,1309.7,1309.7
26/10/2020,1905.7,1911.1,1906,1892.5
26/11/2012,1749.5,1750.5,1750.3,1749.4
26/11/2013,1241.4,1243,1243,1243
26/11/2014,1314.5,1201,1200.5,1193.7
26/11/2015,1070.8,1074.2,1070.1,1069.2
26/11/2018,1295.8,1295.8,1295.8,1295.8
26/11/2019,1491,1492,1484.3,1481
26/11/2020,1807,1816.8,1806.25,1804.2
26/12/2012,1659.8,1666.7,1654.5,1654.5
26/12/2013,1214.1,1215.9,1207.1,1207.1
26/12/2014,1307.7,1194.4,1177.2,1177.2
26/12/2016,1134.55,1136.05,1135,1134
26/12/2017,1368.5,1368.5,1368.5,1368.5
26/12/2018,1338.3,1343,1343,1343
26/12/2019,1540.3,1543,1528.9,1528.4
27/01/2011,1318.4,1342,1342,1318.4
27/01/2012,1731.8,1734.1,1727,1724.4
27/01/2014,1263.6,1264.4,1259.8,1254.4
27/01/2015,1414.7,1414.7,1414.7,1414.7
27/01/2016,1163.9,1163.9,1163.9,1163.9
27/01/2017,1271.7,1271.7,1271.7,1271.7
27/01/2020,1604.6,1612.8,1610,1602.8
27/02/2012,1773.6,1775.6,1773.6,1768.1
27/02/2013,1595.2,1612.8,1612.8,1591.8
27/02/2014,1331.6,1335,1329.3,1324.6
27/02/2015,1309.4,1309.4,1309.4,1309.4
27/02/2017,1339.1,1339.1,1339.1,1339.1
27/02/2018,1419.6,1419.6,1419.6,1419.6
27/02/2019,1380.5,1380.5,1380.5,1380.5
27/02/2020,1661.4,1680.3,1668,1656
27/03/2012,1684.8,1690.8,1687.8,1684.4
27/03/2013,1606.2,1608.1,1598.5,1590.3
27/03/2014,1294.7,1294.7,1294.7,1294.7
27/03/2015,1291.9,1291.9,1291.9,1291.9
27/03/2017,1337.4,1337.4,1337.4,1337.4
27/03/2018,1447.8,1447.8,1447.8,1447.8
27/03/2019,1363.8,1363.8,1363.8,1363.8
27/03/2020,1655,1659.3,1653.6,1631.9
27/04/2011,1516.7,1512.8,1507.1,1505.2
27/04/2012,1664,1666.9,1654.5,1654
27/04/2015,1289.2,1289.2,1289.2,1289.2
27/04/2016,1299.8,1299.8,1299.8,1299.8
27/04/2017,1344.7,1344.7,1344.7,1344.7
27/04/2018,1423.6,1423.6,1423.6,1423.6
27/04/2020,1731.4,1753,1746.7,1726.8
27/05/2011,1536.3,1538.5,1519.4,1518.4
27/05/2013,1395.95,1396.15,1385.95,1384.15
27/05/2014,1265.4,1291.9,1291.9,1276
27/05/2015,1278.6,1278.6,1278.6,1279
27/05/2016,1267.6,1267.6,1267.6,1267.6
27/05/2018,1298.3,1299.9,1299.8,1296.1
27/05/2019,1284.95,1286.85,1284.25,1283.25
27/05/2020,1740.5,1743.3,1738.8,1714.8
27/06/2011,1496,1503.5,1503.5,1490.7
27/06/2012,1577.5,1571.6,1567,1563
27/06/2013,1211.4,1241.6,1224.7,1198.3
27/06/2014,1319,1320.9,1317.4,1313.3
27/06/2016,1378.8,1378.8,1378.8,1378.8
27/06/2017,1318.4,1318.4,1318.4,1318.4
27/06/2018,1345.5,1345.5,1345.5,1345.5
27/06/2019,1444.5,1444.5,1444.5,1444.5
27/07/2011,1615,1622.5,1619.7,1617
27/07/2012,1617.9,1613.4,1613.4,1613.4
27/07/2015,1190.6,1190.6,1190.6,1190.6
27/07/2016,1392,1392,1392,1392
27/07/2017,1333.7,1333.7,1333.7,1333.7
27/07/2018,1309,1309,1309,1309
27/07/2020,1955.4,1971.3,1929,1926.8
27/08/2012,1672.4,1675.4,1674.9,1663.9
27/08/2013,1420.6,1421.1,1403.8,1398.7
27/08/2014,1436.9,1282.3,1281.5,1281.5
27/08/2015,1207.2,1207.2,1207.2,1207.2
27/08/2018,1288,1288,1288,1288
27/08/2019,1578,1579.3,1566.2,1564.6
27/08/2020,1932.6,1987,1963,1914.7
27/09/2011,1650.6,1665.4,1653.8,1653.7
27/09/2012,1777.6,1780.2,1752.6,1750.7
27/09/2013,1338.4,1343.8,1321.5,1319.7
27/09/2016,1384.4,1384.4,1384.4,1384.4
27/09/2017,1360.7,1360.7,1360.7,1360.7
27/09/2018,1259.8,1260,1260,1260
27/09/2019,1536.1,1538.3,1538.3,1525.7
27/10/2011,1746.7,1735.5,1717.8,1717.8
27/10/2014,1352.4,1230.2,1230.2,1227.3
27/10/2015,1218.2,1218.2,1218.2,1218.2
27/10/2016,1330,1330,1330,1330
27/10/2017,1349.1,1351.7,1351.7,1351.7
27/10/2020,1911.9,1913.8,1904.4,1898.7
27/11/2012,1742.2,1746.4,1746.4,1745.2
27/11/2013,1237.8,1254.8,1241.6,1235.5
27/11/2014,1188.8,1199.3,1197.3,1185.4
27/11/2015,1114.5,1114.5,1114.5,1114.5
27/11/2017,1378.7,1378.7,1378.7,1378.7
27/11/2018,1286.5,1286.5,1286.5,1286.5
27/11/2019,1484.4,1490.2,1489.2,1483.9
27/11/2020,1788.1,1822.6,1812.1,1776.5
27/12/2011,1594.2,1599,1599,1592.6
27/12/2012,1662.6,1662.1,1656.2,1656.2
27/12/2013,1216.1,1218.5,1213.4,1212.9
27/12/2016,1221.9,1221.9,1221.9,1221.9
27/12/2017,1372.3,1372.3,1372.3,1372.3
27/12/2018,1346.5,1346.5,1346.5,1346.5
27/12/2019,1544.4,1545,1540.7,1540
28/01/2011,1340.7,1346.6,1314,1307.7
28/01/2013,1652.4,1655.5,1651.6,1651.6
28/01/2014,1251,1258.4,1257.9,1257.9
28/01/2015,1402.2,1402.2,1402.2,1402.2
28/01/2016,1163.7,1163.7,1163.7,1163.7
28/01/2019,1369.8,1369.8,1369.8,1369.8
28/01/2020,1596.9,1607.1,1606.7,1593.4
28/02/2011,1409.3,1415.7,1410.7,1407.7
28/02/2012,1787,1789.4,1767.9,1767.9
28/02/2013,1577.7,1601.6,1596,1575.1
28/02/2014,1321.4,1332.6,1329.8,1321.1
28/02/2017,1334.3,1334.3,1334.3,1334.3
28/02/2018,1419.2,1419.2,1419.2,1419.2
28/02/2019,1375.3,1374,1374,1374
28/02/2020,1583.6,1667.1,1667.1,1582
28/03/2011,1419.8,1415.6,1413.2,1413.2
28/03/2012,1657.9,1670.1,1670.1,1665
28/03/2013,1594.8,1606.6,1604.7,1593.6
28/03/2014,1293.8,1299.4,1292.2,1285.9
28/03/2016,1270.7,1270.7,1270.7,1270.7
28/03/2017,1337.5,1338.7,1338.7,1338.7
28/03/2018,1428.9,1428.9,1428.9,1428.9
28/03/2019,1342.4,1348,1348,1342.2
28/04/2011,1530.8,1536,1528.6,1526.6
28/04/2014,1298.9,1305.4,1305.4,1293
28/04/2015,1301.4,1301.4,1301.4,1301.4
28/04/2016,1316.8,1316.8,1316.8,1316.8
28/04/2017,1347.1,1347.1,1347.1,1347.1
28/04/2020,1731.2,1740,1731.8,1712.7
28/05/2013,1379.1,1392.5,1380.8,1379.8
28/05/2014,1259.3,1259.3,1259.3,1263.6
28/05/2015,1280.5,1280.5,1280.5,1278
28/05/2017,1268.22,1269.02,1266.31,1266.31
28/05/2018,1297.6,1299.7,1298.4,1294.7
28/05/2019,1323.3,1322.6,1322.6,1322.6
28/05/2020,1742.7,1757.3,1737.5,1734.3
28/06/2011,1499.7,1505,1499.9,1496.1
28/06/2012,1549.7,1573.7,1573.7,1548.4
28/06/2013,1223.8,1232.3,1200.9,1183.2
28/06/2016,1372.2,1372.2,1372.2,1372.2
28/06/2017,1320.8,1320.8,1320.8,1320.8
28/06/2018,1340,1340,1340,1340
28/06/2019,1446.8,1451,1451,1445.7
28/07/2011,1613.4,1620.6,1614.2,1602.8
28/07/2014,1462,1308,1307.4,1304.3
28/07/2015,1190.6,1190.6,1190.6,1190.6
28/07/2016,1398.8,1402.8,1402.8,1402.8
28/07/2017,1342.6,1342.6,1342.6,1342.6
28/07/2020,1963.9,2000,1963.2,1927.5
28/08/2012,1666.5,1671,1659.9,1659.2
28/08/2013,1419,1428,1417.3,1415.1
28/08/2014,1443.8,1293.7,1284.5,1284.3
28/08/2015,1218.4,1218.4,1218.4,1218.4
28/08/2017,1382.6,1381.9,1381.9,1381.9
28/08/2018,1286.4,1286.4,1286.4,1286.4
28/08/2019,1575.3,1578,1572.3,1571.6
28/08/2020,1974.9,1983,1937.5,1928.2
28/09/2011,1616.3,1650,1650,1650
28/09/2012,1771.1,1782.2,1776.8,1767.5
28/09/2015,1204.4,1204.4,1204.4,1204.4
28/09/2016,1376.7,1376.7,1376.7,1376.7
28/09/2017,1361.3,1361.3,1361.3,1361.3
28/09/2018,1268.7,1270,1270,1270
28/09/2020,1882.3,1888.2,1862.7,1851.1
28/10/2011,1746.2,1752,1752,1733
28/10/2013,1352,1359.2,1351.4,1349
28/10/2014,1352.6,1231,1224.9,1224.7
28/10/2015,1229.3,1229.3,1229.3,1229.3
28/10/2016,1337.1,1337.1,1337.1,1337.1
28/10/2019,1525.8,1536.2,1535.7,1523.5
28/10/2020,1879.2,1912.6,1909.8,1869.1
28/11/2011,1710.8,1710.8,1710.8,1710.8
28/11/2012,1716.5,1739.8,1739.8,1716.3
28/11/2013,1243.8,1245.3,1237.9,1236.2
28/11/2014,1291.2,1198.3,1197,1163.8
28/11/2016,1258.6,1258.6,1258.6,1258.6
28/11/2017,1379,1379,1379,1379
28/11/2018,1296.4,1296.4,1296.4,1296.4
28/11/2019,1462.25,1464.55,1463.25,1460.75
28/12/2011,1562.9,1588.6,1584.9,1561.3
28/12/2012,1654.9,1664,1664,1653.7
28/12/2015,1128.1,1128.1,1128.1,1128.1
28/12/2016,1224,1224,1224,1224
28/12/2017,1379.4,1372.1,1372.1,1372
28/12/2018,1348.3,1348.3,1348.3,1348.3
28/12/2020,1880.4,1904.1,1887,1873
29/01/2013,1660.7,1661.5,1661.2,1660.7
29/01/2014,1262.2,1262.2,1262.2,1262.2
29/01/2015,1363.8,1380.2,1380.2,1380.2
29/01/2016,1161.9,1161.9,1161.9,1161.9
29/01/2018,1441.3,1441.3,1441.3,1441.3
29/01/2019,1375.6,1375.6,1375.6,1375.6
29/01/2020,1597.9,1603.6,1594.5,1589.3
29/02/2012,1709.9,1790.4,1789.9,1669
29/02/2016,1273.3,1273.3,1273.3,1273.3
29/03/2011,1416,1416,1416,1416
29/03/2012,1652.2,1664.5,1661.8,1644.3
29/03/2016,1286.3,1286.3,1286.3,1286.3
29/03/2017,1335.5,1335.5,1335.5,1335.5
29/03/2018,1426,1426,1426,1426
29/03/2019,1346,1354.1,1354.1,1354.1
29/04/2011,1556,1568.7,1538.7,1537.3
29/04/2013,1467.4,1475.5,1462.7,1462.3
29/04/2014,1296,1300.5,1295.5,1289.1
29/04/2015,1300,1300,1300,1300
29/04/2016,1341.4,1341.4,1341.4,1341.4
29/04/2019,1331.6,1331.6,1331.6,1331.6
29/04/2020,1722.4,1741.8,1735,1718
29/05/2012,1548.6,1582.5,1574.7,1574.7
29/05/2013,1391.3,1391.3,1391.3,1391.3
29/05/2014,1256.3,1260.6,1258.3,1250.9
29/05/2015,1280.7,1280.7,1280.7,1276.5
29/05/2017,1266.69,1268.6,1268.02,1264.96
29/05/2018,1393.7,1393.7,1393.7,1393.7
29/05/2019,1326.5,1327.8,1327.8,1327.8
29/05/2020,1765.7,1767.1,1748.7,1740.7
29/06/2011,1509.9,1512.2,1504.1,1504.1
29/06/2012,1603.5,1600.4,1562.6,1561.9
29/06/2015,1278,1278,1278,1278
29/06/2016,1381.4,1381.4,1381.4,1381.4
29/06/2017,1317.7,1322.8,1322.8,1313.7
29/06/2018,1343.7,1343.7,1343.7,1343.7
29/06/2020,1800.1,1808.6,1807.3,1795.3
29/07/2011,1628.3,1634.9,1617.1,1610.6
29/07/2013,1328.4,1328.4,1328.4,1328.4
29/07/2014,1456.7,1310.9,1310.9,1310
29/07/2015,1187.5,1187.5,1187.5,1187.5
29/07/2016,1415.7,1415.7,1415.7,1415.7
29/07/2019,1461.7,1461.7,1461.7,1461.7
29/07/2020,1976.7,1998.4,1971.9,1955.7
29/08/2011,1788.4,1817.9,1817.9,1786.7
29/08/2012,1659.8,1667.3,1667.2,1665.2
29/08/2013,1412.9,1417.4,1417.4,1404.5
29/08/2014,1440.6,1289.7,1289.5,1284.8
29/08/2016,1384.4,1384.4,1384.4,1384.4
29/08/2017,1385.7,1385.7,1385.7,1385.7
29/08/2018,1283.3,1283.3,1283.3,1283.3
29/08/2019,1564,1578.8,1571.9,1562
29/09/2011,1615.5,1633.8,1604,1585
29/09/2014,1373.7,1222.2,1216.3,1214.7
29/09/2015,1199.1,1199.1,1199.1,1199.1
29/09/2016,1379.1,1379.1,1379.1,1379.1
29/09/2017,1357.6,1357.6,1357.6,1357.6
29/09/2020,1903.2,1904.8,1886.4,1880.8
29/10/2012,1707.7,1712,1712,1707
29/10/2013,1345.2,1359.7,1359.6,1359.6
29/10/2014,1349.2,1224.3,1224.3,1224.3
29/10/2015,1201.8,1201.8,1201.8,1201.8
29/10/2018,1301.1,1301.1,1301.1,1301.1
29/10/2019,1520.6,1524.2,1524.2,1515.5
29/10/2020,1868,1885.1,1877.5,1859.2
29/11/2011,1713.4,1718.4,1711.3,1704
29/11/2012,1727.2,1729,1719.6,1717.7
29/11/2013,1250.6,1254.5,1237.8,1233.7
29/11/2016,1255.5,1255.5,1255.5,1255.5
29/11/2017,1366.4,1382,1382,1382
29/11/2018,1297,1297,1297,1297
29/11/2019,1496.6,1495.4,1488,1484.2
29/12/2011,1539.9,1559.3,1559.3,1525
29/12/2014,1292.9,1186.5,1186.5,1181.3
29/12/2015,1128.6,1128.6,1128.6,1128.6
29/12/2016,1241.2,1241.2,1241.2,1241.2
29/12/2017,1391.9,1391.9,1391.9,1391.9
29/12/2020,1882.9,1891.3,1878,1875.6
30/01/2012,1731,1739.9,1737.2,1715.7
30/01/2013,1679.9,1683.2,1662.4,1661.8
30/01/2014,1242.2,1267.7,1267,1237.5
30/01/2015,1384.6,1384.6,1384.6,1384.6
30/01/2017,1276.4,1276.4,1276.4,1276.4
30/01/2018,1436.2,1436.2,1436.2,1436.2
30/01/2019,1375.9,1377.6,1377.6,1377.6
30/01/2020,1610.7,1612,1601.6,1599
30/03/2011,1423.8,1430.3,1418.7,1412
30/03/2012,1669.3,1670,1660.6,1659
30/03/2015,1276.4,1276.4,1276.4,1276.4
30/03/2016,1276.9,1276.9,1276.9,1276.9
30/03/2017,1326.7,1344,1344,1341.3
30/03/2020,1644.1,1672.5,1665.7,1634.6
30/04/2012,1663.4,1665.7,1663,1653
30/04/2013,1472.2,1476.6,1471.1,1461
30/04/2014,1295.6,1296.5,1296,1286.6
30/04/2015,1273,1273,1273,1273
30/04/2018,1419.1,1419.1,1419.1,1419.1
30/04/2019,1335.7,1335.7,1335.7,1335.7
30/04/2020,1704.9,1745,1737,1697.7
30/05/2012,1563.4,1569,1553.9,1530.4
30/05/2013,1411.5,1417.5,1392.1,1388.3
30/05/2014,1245.6,1259.6,1255.1,1241.8
30/05/2016,1212.15,1213.15,1208.25,1201.8
30/05/2017,1339.1,1339.1,1339.1,1339.1
30/05/2018,1396.7,1396.7,1396.7,1396.7
30/05/2019,1332.9,1332.4,1332.4,1332.4
30/06/2011,1502.3,1514,1511.5,1498.8
30/06/2014,1475.1,1328.7,1315.3,1311.8
30/06/2015,1270.8,1270.8,1270.8,1270.8
30/06/2016,1375,1375,1375,1375
30/06/2017,1314,1314,1314,1314
30/06/2020,1820.4,1823.5,1803.7,1794
30/07/2012,1619.7,1625.8,1622.9,1613.1
30/07/2013,1324,1329.6,1327.2,1316.2
30/07/2014,1456.1,1303,1298.6,1291
30/07/2015,1183.4,1183.4,1183.4,1183.4
30/07/2018,1307.7,1309.1,1306.9,1301.9
30/07/2019,1470.3,1472.4,1469,1469
30/07/2020,1966.8,1987.3,1986.4,1952.3
30/08/2011,1826.7,1839.6,1787.2,1783.1
30/08/2012,1653.5,1662,1655.4,1650.7
30/08/2013,1396.1,1409.8,1407.2,1392.3
30/08/2016,1374.5,1374.5,1374.5,1374.5
30/08/2017,1380.9,1380.9,1380.9,1380.9
30/08/2018,1276.1,1276.1,1276.1,1276.1
30/08/2019,1557.2,1566.9,1564.1,1555
30/09/2011,1620.4,1639.4,1620.8,1609.4
30/09/2013,1326.5,1350.9,1345.8,1322
30/09/2014,1366.7,1218.2,1214.8,1204
30/09/2015,1183.6,1183.6,1183.6,1183.6
30/09/2016,1370.4,1383.5,1383.5,1383.5
30/09/2019,1502.3,1533,1533,1500.1
30/09/2020,1895.5,1908.2,1903.2,1885.8
30/10/2012,1710.5,1714.4,1709.1,1709
30/10/2013,1349,1355.8,1340.8,1335.6
30/10/2014,1322.9,1214.7,1213.7,1195.8
30/10/2015,1195.2,1195.2,1195.2,1195.2
30/10/2017,1354.9,1354.9,1354.9,1354.9
30/10/2018,1298.9,1296.7,1296.7,1296.7
30/10/2019,1526.5,1526.5,1520.8,1513.2
30/10/2020,1879.9,1890.9,1867.9,1863.3
30/11/2011,1745.5,1749.2,1714,1699.9
30/11/2012,1710.9,1731.2,1725.2,1708.4
30/11/2015,1123.9,1123.9,1123.9,1123.9
30/11/2016,1238.4,1238.4,1238.4,1238.4
30/11/2017,1357.3,1357.3,1357.3,1357.3
30/11/2018,1292.7,1289.7,1289.7,1289.7
30/11/2020,1780.9,1793.3,1790.8,1767.2
30/12/2011,1565.8,1579.5,1549.4,1547.9
30/12/2013,1203.1,1215.5,1215,1194.4
30/12/2014,1311.9,1210.3,1181.4,1181.4
30/12/2015,1120.8,1120.8,1120.8,1120.8
30/12/2016,1234.5,1239,1239,1239
30/12/2019,1545.4,1545.5,1543.9,1540.1
30/12/2020,1893.4,1899,1881.8,1879.5
31/01/2011,1333.8,1345.9,1339,1323.3
31/01/2012,1737.8,1747.7,1731.7,1725
31/01/2013,1660.6,1680,1675.4,1657.4
31/01/2014,1240.1,1254.5,1243.6,1238.4
31/01/2017,1291.8,1291.8,1291.8,1291.8
31/01/2018,1439.4,1439.4,1439.4,1439.4
31/01/2019,1384,1384,1384,1384
31/01/2020,1609.4,1615.3,1599.7,1597.7
31/03/2011,1438.9,1440,1423.3,1420.7
31/03/2014,1283.4,1298.8,1294.3,1282.4
31/03/2015,1272.2,1272.2,1272.2,1272.2
31/03/2016,1280.9,1280.9,1280.9,1280.9
31/03/2017,1329.8,1339,1339,1339
31/03/2020,1597.6,1642.2,1640.1,1590.8
31/05/2011,1535.9,1541.1,1536.7,1532.4
31/05/2012,1562.6,1572.6,1562.7,1551.8
31/05/2013,1392.6,1421.1,1412.4,1384.2
31/05/2016,1269.3,1269.3,1269.3,1269.3
31/05/2017,1348.5,1348.5,1348.5,1348.5
31/05/2018,1395,1395,1395,1395
31/05/2019,1349.6,1347.8,1342.9,1342.9
31/07/2012,1610.5,1627.5,1621.1,1610
31/07/2013,1312.4,1338.4,1325.5,1304.9
31/07/2014,1441.5,1297.3,1295.1,1280.6
31/07/2015,1183.1,1183.1,1183.1,1183.1
31/07/2017,1340.7,1340.7,1340.7,1340.7
31/07/2018,1309.8,1309.8,1309.8,1309.8
31/07/2019,1466.3,1469.6,1460.5,1452.9
31/07/2020,1985.9,2005.4,1973.6,1971.4
31/08/2011,1828.5,1837.9,1830.6,1811.4
31/08/2012,1684.6,1690,1658.6,1646.2
31/08/2014,1287.7,1289,1288.5,1286.8
31/08/2015,1216.9,1216.9,1216.9,1216.9
31/08/2016,1367.9,1367.9,1367.9,1367.9
31/08/2017,1388.5,1393.7,1389.5,1389.5
31/08/2018,1277.7,1277.7,1277.7,1277.7
31/08/2020,1978.6,1985.8,1973.9,1962.3
31/10/2011,1724.2,1741.9,1741.9,1716
31/10/2012,1717.5,1724.5,1714.4,1714.4
31/10/2013,1323.6,1334,1334,1321.7
31/10/2014,1295.9,1199.7,1199.6,1161.4
31/10/2016,1333.7,1333.7,1333.7,1333.7
31/10/2017,1347.7,1347.7,1347.7,1347.7
31/10/2018,1288.2,1291.1,1291.1,1291.1
31/10/2019,1544,1545,1527,1527
31/12/2012,1674.8,1677.1,1655.4,1655.4
31/12/2013,1201.9,1212.4,1196.4,1182
31/12/2014,1335.4,1335.4,1335.4,1346.7
31/12/2015,1121,1121,1121,1121
31/12/2018,1347.1,1347.1,1347.1,1347.1
31/12/2019,1550.6,1555,1546.7,1546.4
31/12/2020,1895.1,1904.9,1899,1889.1
1/2/2011,1339.6,1342.9,1333.1,1325.3
1/3/2011,1430.7,1434.4,1415.3,1415.3
1/4/2011,1428.1,1436.5,1433.4,1413
1/6/2011,1542.4,1550.6,1535.7,1529.7
1/7/2011,1482.3,1502.2,1502.2,1480
1/8/2011,1619,1631.8,1623,1607
1/9/2011,1826,1829.5,1825.8,1814.1
1/11/2011,1711,1720.1,1706.7,1682.5
1/12/2011,1735.3,1753.3,1747,1734.5
2/2/2011,1331.5,1344,1344,1327
2/3/2011,1437.2,1440.5,1432.5,1428.8
2/5/2011,1556.7,1576.6,1572.9,1543.1
2/6/2011,1532,1544.5,1541.3,1520
2/8/2011,1641.9,1660.6,1619.3,1616.8
2/9/2011,1873.7,1884.2,1828.6,1828.6
2/11/2011,1728.7,1741.4,1724.3,1723.2
2/12/2011,1747,1762.9,1744.8,1741.6
3/1/2011,1422.6,1423.9,1415.6,1413.7
3/2/2011,1352.3,1355.8,1335.6,1324.9
3/3/2011,1416,1432.3,1432.3,1415.9
3/5/2011,1540.1,1547,1542.5,1527.5
3/6/2011,1541.7,1546.3,1534.7,1525
3/8/2011,1663.4,1672.3,1659.9,1651.6
3/10/2011,1656,1660.8,1627.8,1627.6
3/11/2011,1764.2,1766,1740.5,1726.6
4/1/2011,1378.5,1410.9,1409.6,1375.8
4/2/2011,1348.3,1360,1354.8,1345
4/3/2011,1428.2,1429.8,1418.9,1416.8
4/4/2011,1432.2,1439.1,1429.1,1428.8
4/5/2011,1514.9,1539,1535,1506.2
4/8/2011,1656.2,1681.8,1660.5,1640
4/10/2011,1614.7,1678.1,1661,1596.6
4/11/2011,1755.3,1761.2,1757,1754.9
5/1/2011,1373.4,1384,1383.4,1364.2
5/4/2011,1451.8,1457.6,1437.9,1430.3
5/5/2011,1480.9,1520.7,1514.7,1471
5/7/2011,1512.3,1515,1490.4,1490.3
5/8/2011,1648.8,1666.1,1647.5,1642.6
5/10/2011,1640.3,1644.7,1629.3,1599.6
5/12/2011,1730.7,1752.6,1748.9,1718.7
6/1/2011,1371.4,1376.5,1374.8,1368.9
6/4/2011,1457.7,1462.3,1456.9,1452
6/5/2011,1491.2,1494.8,1473.2,1472.3
6/6/2011,1546.5,1553.9,1542.9,1542
6/7/2011,1528.7,1532.8,1513.7,1510.3
6/9/2011,1869.9,1911.6,1886.3,1864
6/10/2011,1651.9,1654.7,1642.6,1637.6
6/12/2011,1727.9,1731.8,1722.1,1703
7/1/2011,1368.5,1377.2,1372.7,1355.5
7/2/2011,1347.6,1353.8,1345.8,1343.8
7/3/2011,1434.1,1445,1434.5,1429.5
7/4/2011,1458.5,1462.7,1459.7,1453.9
7/6/2011,1543.3,1549.9,1545,1537.2
7/7/2011,1530.2,1533.1,1529.1,1522.7
7/9/2011,1814.2,1873.7,1868.9,1792.8
7/10/2011,1634.5,1665,1657,1626.2
7/11/2011,1790.3,1797,1771.5,1768.7
7/12/2011,1740.9,1741.9,1730.6,1720
8/2/2011,1363.4,1367,1351.2,1350
8/3/2011,1426.9,1432.6,1431.6,1424.3
8/4/2011,1473.4,1475.5,1457.6,1457.5
8/6/2011,1538.1,1544.2,1544.2,1531.3
8/7/2011,1541.2,1542.6,1527,1526.6
8/8/2011,1710.2,1720,1679.1,1678.1
8/9/2011,1854.4,1870,1839.3,1835
8/11/2011,1798.4,1785.7,1785.7,1785.7
8/12/2011,1709.8,1752.3,1742,1705.4
9/2/2011,1364.8,1366.5,1362.8,1359.6
9/3/2011,1429.3,1435.7,1430,1426.1
9/5/2011,1502.9,1512.8,1501.5,1501.3
9/6/2011,1542.1,1548.8,1536.1,1534.4
9/8/2011,1740,1779,1722.5,1720.1
9/9/2011,1856.4,1881.3,1858.1,1830
9/11/2011,1790.9,1793,1793,1774.2
9/12/2011,1712.8,1720.7,1713.3,1705.7
10/1/2011,1373.7,1374,1369,1365.7
10/2/2011,1361.9,1364.5,1364.3,1351.7
10/3/2011,1412.2,1429.8,1429.5,1403.8
10/5/2011,1516.6,1516.9,1508.4,1508.4
10/6/2011,1528.6,1543.9,1543.7,1526.4
10/8/2011,1781.3,1795.6,1744,1741.3
10/10/2011,1669.6,1676.8,1645.6,1645.6
10/11/2011,1758.9,1766.8,1766.8,1754.8
11/1/2011,1384,1384.5,1375.4,1373.9
11/2/2011,1359.9,1368.8,1364,1355.2
11/3/2011,1421.5,1422.6,1413.7,1404.9
11/4/2011,1467.4,1476,1476,1459.7
11/5/2011,1501.1,1524.1,1524,1495.2
11/7/2011,1548.8,1555.2,1550,1543.1
11/8/2011,1748.8,1813.5,1795.1,1733
11/10/2011,1659.7,1685,1685,1657.6
11/11/2011,1787.5,1789.5,1777,1777
12/1/2011,1385.7,1385.5,1382.6,1378
12/4/2011,1452.9,1467.2,1461.8,1444.4
12/5/2011,1506.6,1502.7,1492.1,1484.8
12/7/2011,1561.9,1565,1548.2,1542
12/8/2011,1740.2,1764.2,1760.6,1723.8
12/9/2011,1809.9,1852.4,1852.4,1806
12/10/2011,1681.3,1691,1667.1,1665.9
12/12/2011,1664.2,1708.2,1707.5,1658.5
1/2/2012,1747.1,1751.1,1738.2,1734
1/3/2012,1721.1,1724.6,1698.6,1698.6
1/5/2012,1661.7,1670.5,1665,1661.7
1/6/2012,1620.5,1630,1560,1545.5
1/8/2012,1603.7,1617.6,1613.4,1592
1/10/2012,1780.5,1791,1766,1763.3
1/11/2012,1714.1,1725.1,1722.3,1714.9
2/2/2012,1756.8,1761.1,1745.1,1742.9
2/3/2012,1708.8,1723,1723,1705.2
2/4/2012,1677.5,1682.8,1670.4,1662
2/5/2012,1653.4,1659.2,1659.2,1648.3
2/7/2012,1597.2,1598.3,1597.1,1589.7
2/8/2012,1587.4,1615,1600,1583.1
2/10/2012,1772.7,1779.3,1777.9,1773.1
2/11/2012,1674.1,1711.3,1711.3,1674.3
3/1/2012,1599.7,1604.3,1568.9,1566
3/2/2012,1737.9,1761.3,1758.7,1724.5
3/4/2012,1670,1679.5,1677.6,1638.7
3/5/2012,1634.2,1652.2,1651.2,1631.3
3/7/2012,1621.3,1624,1603.8,1603.8
3/8/2012,1606,1605.7,1589.3,1585.1
3/10/2012,1777.3,1779.9,1772.2,1771.9
3/12/2012,1719.6,1721.9,1714.9,1714.5
4/1/2012,1611.9,1618.6,1596.6,1594.5
4/4/2012,1612.3,1647,1646.5,1613
4/5/2012,1644.7,1645.6,1635.7,1629.4
4/6/2012,1612.2,1627.9,1623,1609
4/9/2012,1692.9,1698,1689.1,1687.7
4/10/2012,1794.1,1794.8,1783.5,1783.5
4/12/2012,1694.4,1716.8,1716.3,1691.6
5/1/2012,1619.4,1624.1,1610.8,1597.8
5/3/2012,1703,1709.5,1705.5,1695.4
5/4/2012,1628.5,1633.2,1620.8,1620.4
5/6/2012,1615.2,1622.7,1619.3,1612.9
5/7/2012,1608.9,1619.2,1618.5,1598
5/9/2012,1690.8,1693.3,1690.4,1690.4
5/10/2012,1778.6,1792.2,1792.2,1776.6
5/11/2012,1682.2,1683.1,1682.8,1674.3
5/12/2012,1692.4,1706,1697.1,1685
6/1/2012,1616.1,1627.8,1622.5,1618.6
6/2/2012,1722.8,1738.3,1728,1713.3
6/3/2012,1671.4,1708.7,1708.7,1666
6/6/2012,1632.8,1639.7,1619.7,1616.5
6/7/2012,1578.4,1593.8,1592.3,1587
6/8/2012,1612.9,1614.1,1604.7,1603.2
6/9/2012,1702.6,1712.4,1696.4,1696.4
6/11/2012,1714.1,1718,1690.1,1690.1
6/12/2012,1700.3,1702.1,1694.3,1686.4
7/2/2012,1746.4,1748,1722,1713.2
7/3/2012,1683.3,1684,1676,1673.1
7/5/2012,1638.6,1640,1637.9,1632.6
7/6/2012,1586.6,1627.2,1622.6,1581.9
7/8/2012,1609.7,1615.7,1610.8,1609
7/9/2012,1737.5,1738.2,1696.7,1696.7
7/11/2012,1713.2,1726.5,1707.7,1703.7
7/12/2012,1704,1704.5,1701.2,1684
8/2/2012,1729.3,1751.5,1744,1728.2
8/3/2012,1698.1,1702.4,1686.4,1686.4
8/5/2012,1604,1636.7,1636.7,1596
8/6/2012,1590.1,1593.9,1589.9,1566.5
8/8/2012,1612.9,1614.8,1610.2,1603
8/10/2012,1773.5,1778,1778,1766.8
8/11/2012,1725.4,1729.6,1715.9,1714.2
9/1/2012,1607.5,1620.1,1614.3,1607.8
9/2/2012,1739,1749.7,1731.4,1726.1
9/3/2012,1710.9,1706,1698.8,1680.7
9/4/2012,1642.5,1646.4,1645.3,1636.5
9/5/2012,1593.7,1595.3,1595.3,1586.3
9/7/2012,1588.6,1582.1,1582.1,1580.9
9/8/2012,1617.1,1617.1,1612.8,1610.1
9/10/2012,1763,1776.7,1776.7,1762.3
9/11/2012,1730.3,1734.1,1733.7,1727.6
10/1/2012,1631,1639,1619.9,1619.9
10/2/2012,1723.3,1734.4,1732.7,1706.4
10/4/2012,1659.5,1661.7,1649,1636.2
10/5/2012,1595.1,1594.4,1594.2,1592.4
10/7/2012,1579.3,1599.8,1599.2,1567.6
10/8/2012,1619.7,1624.1,1615.8,1605
10/9/2012,1728.7,1733.5,1733.1,1727.2
10/10/2012,1763.2,1764.2,1762.4,1758.1
10/12/2012,1713,1717,1704.2,1704.2
11/1/2012,1639.2,1645.4,1634.8,1633.8
11/4/2012,1659,1659.7,1654.8,1654.7
11/5/2012,1583.6,1589.6,1586.1,1586.1
11/6/2012,1595.5,1608,1608,1583
11/7/2012,1575.2,1579.5,1577.4,1575.3
11/9/2012,1731.8,1736,1736,1735.8
11/10/2012,1768.8,1771,1761.6,1761.6
11/12/2012,1708.2,1714.1,1710,1705.9
12/1/2012,1647.3,1656.1,1645.2,1645.2
12/3/2012,1699.2,1708.1,1708.1,1694.9
12/4/2012,1679.5,1680.1,1660,1650
12/6/2012,1612.7,1612.8,1594.1,1588.5
12/7/2012,1564.9,1574.7,1569.3,1557.2
12/9/2012,1730.6,1742.3,1742.2,1730.5
12/10/2012,1758,1769.5,1769.5,1753.6
12/11/2012,1730.3,1734.9,1733.2,1733.2
12/12/2012,1716.6,1722.3,1710.1,1708
1/2/2013,1669.4,1681.2,1663.9,1659.9
1/3/2013,1571.9,1585.6,1579.6,1566
1/4/2013,1600,1600.5,1596.8,1594.8
1/5/2013,1446.3,1477.1,1475.8,1440
1/7/2013,1255.9,1261,1234.7,1234.2
1/8/2013,1311,1328.5,1323,1306.9
1/10/2013,1286,1334.2,1328,1283.8
1/11/2013,1313.1,1325.7,1325.7,1308
2/1/2013,1687.9,1693.8,1672.8,1670
2/4/2013,1575.1,1602.6,1599.2,1574.1
2/5/2013,1467.7,1471.2,1459,1453.5
2/7/2013,1243.6,1266.3,1254.1,1241.2
2/8/2013,1310.6,1317.6,1306.7,1283
2/9/2013,1393.7,1398,1380.4,1379.6
2/10/2013,1320.6,1321,1288.5,1280
2/12/2013,1222.3,1251.5,1251.4,1217.8
3/1/2013,1673.7,1686.8,1686.1,1662
3/4/2013,1552.8,1576.4,1575.7,1549.2
3/5/2013,1464.3,1487.1,1465.5,1461.4
3/6/2013,1411.7,1416.3,1389.1,1388.3
3/7/2013,1252.1,1258.2,1243.8,1240.3
3/9/2013,1412,1414.4,1393,1382.3
3/10/2013,1317.4,1319.5,1312,1302.5
3/12/2013,1221.7,1225.7,1219.2,1215.6
4/1/2013,1648.1,1658.3,1647,1625.7
4/2/2013,1675.3,1676.5,1668,1661.6
4/3/2013,1572.1,1580.8,1580.8,1569.7
4/4/2013,1551.8,1557.3,1557.3,1539.1
4/6/2013,1397.1,1414.1,1410.9,1389
4/7/2013,1247.05,1256.15,1254.55,1244.45
4/9/2013,1389.9,1413,1413,1387.1
4/10/2013,1309.7,1318.1,1316.2,1305.7
4/11/2013,1314.6,1320.5,1314.6,1312.1
4/12/2013,1248.2,1250.4,1225.1,1212.9
5/2/2013,1672.4,1683.4,1674.2,1666.5
5/3/2013,1574.6,1585.5,1577.6,1571.4
5/4/2013,1575.4,1580.6,1553.2,1550.1
5/6/2013,1398.4,1410,1397.5,1395.6
5/7/2013,1212.9,1254.1,1252.7,1208.9
5/8/2013,1302.6,1318.3,1311.2,1297.5
5/9/2013,1373.1,1397.5,1393.5,1367.1
5/11/2013,1308,1317.5,1313.3,1306.9
5/12/2013,1233.2,1241.5,1240,1218.6
6/2/2013,1677.7,1678.5,1672.2,1668
6/3/2013,1574.6,1582.6,1577.6,1566.8
6/5/2013,1468.1,1477.2,1468.1,1466.8
6/6/2013,1415.7,1422.7,1401.7,1391.6
6/8/2013,1283.2,1305.9,1303,1279.3
6/9/2013,1386.7,1390.1,1371,1368.9
6/11/2013,1317.7,1318.6,1313.5,1312.5
6/12/2013,1230.3,1242,1228.7,1213
7/1/2013,1645.5,1659.9,1656.5,1643.8
7/2/2013,1670.4,1682.1,1677,1663.1
7/3/2013,1574.8,1583.5,1580,1573.9
7/5/2013,1449,1466.2,1462,1441.2
7/6/2013,1383,1416.4,1411.5,1377.9
7/8/2013,1286.1,1288.4,1282.5,1274
7/10/2013,1324.8,1325.4,1313.8,1311.8
7/11/2013,1308.4,1323.6,1323.6,1298
8/1/2013,1661.5,1659.5,1647.7,1647.7
8/2/2013,1666,1672.5,1671.5,1664.8
8/3/2013,1576.6,1581.2,1578.6,1561.8
8/4/2013,1572,1580.6,1575.8,1567.6
8/5/2013,1473.9,1474.7,1455.5,1450.7
8/7/2013,1234.9,1235.2,1218.8,1215.4
8/8/2013,1310.7,1312.8,1283.9,1283.7
8/10/2013,1324.2,1330,1326.5,1321.2
8/11/2013,1284.5,1308.1,1308,1281.3
9/1/2013,1654.8,1662.1,1658.6,1651.2
9/4/2013,1586.2,1589.3,1571.6,1570
9/5/2013,1468.8,1473.4,1471.2,1453
9/7/2013,1245.9,1254.5,1234.7,1234.4
9/8/2013,1312.9,1315.8,1315.1,1306.7
9/9/2013,1386.8,1389.8,1389.8,1386.5
9/10/2013,1306.9,1319,1317.6,1295.3
9/12/2013,1235.3,1243.2,1230.2,1229
10/1/2013,1677.3,1673.8,1672.5,1672.5
10/4/2013,1558.3,1586,1584.4,1557
10/5/2013,1436.8,1459.3,1455.6,1423
10/6/2013,1386.2,1386.9,1378.8,1375.6
10/7/2013,1247.4,1263.9,1244.6,1244.6
10/9/2013,1364.1,1377.5,1377.5,1357.6
10/10/2013,1296.6,1310.8,1303.4,1285
10/12/2013,1262.4,1267,1239,1239
11/1/2013,1660,1673.1,1673.1,1654.2
11/2/2013,1648.2,1668,1666.5,1643.7
11/3/2013,1577.8,1579.7,1576,1576
11/4/2013,1564.3,1566.7,1557.1,1554.8
11/6/2013,1377,1384.4,1384.2,1366
11/7/2013,1280.1,1285,1284.6,1278.9
11/9/2013,1363.9,1365.8,1365.8,1356.7
11/10/2013,1268,1291.6,1286.9,1263.8
11/11/2013,1281,1281.8,1281.6,1281
11/12/2013,1258.5,1261.9,1261.9,1252.1
12/2/2013,1648.7,1650.4,1643.8,1642.4
12/3/2013,1591.5,1595.6,1579.8,1579.8
12/4/2013,1501,1560.8,1560.8,1480.2
12/6/2013,1391.8,1393.5,1375,1373.7
12/7/2013,1277.8,1282.3,1282.3,1273.3
12/8/2013,1334.7,1342.4,1317.2,1317.2
12/9/2013,1330.4,1360,1360,1322.4
12/11/2013,1271.1,1282.3,1282.3,1268.5
12/12/2013,1226,1255.4,1253.5,1225.9
1/1/2014,1205.4,1205.4,1203.6,1202.8
1/4/2014,1279.6,1287.9,1285.1,1277.3
1/5/2014,1283.1,1288.7,1288.7,1278
1/7/2014,1480.2,1331.4,1326.7,1326.2
1/8/2014,1451.1,1296.6,1284.1,1279.7
1/9/2014,1287.4,1290.9,1287.6,1285.9
1/10/2014,1370.2,1217.8,1207.7,1205.5
1/12/2014,1332.5,1220.4,1160,1141.7
2/1/2014,1225,1227.3,1204.3,1204.3
2/4/2014,1290.5,1294.1,1280.2,1280.2
2/5/2014,1302.6,1302.7,1276.7,1276.7
2/6/2014,1243.7,1250.7,1250,1240.9
2/7/2014,1484.8,1330.7,1326.8,1326.8
2/9/2014,1419,1286.4,1284.5,1262.5
2/10/2014,1368.1,1219.5,1215.3,1210.3
2/12/2014,1314.7,1212.3,1212.3,1191.3
3/1/2014,1238.4,1239,1221.7,1221.7
3/2/2014,1260.4,1266.3,1242.4,1241.2
3/3/2014,1350.1,1354.1,1335.9,1332.9
3/4/2014,1284.4,1293.6,1290.8,1282.7
3/6/2014,1244.3,1247.5,1244.1,1240.5
3/7/2014,1475.6,1327.7,1327.3,1313
3/9/2014,1425.5,1271.1,1266.3,1263.1
3/10/2014,1346.9,1212.4,1212.4,1191
3/11/2014,1294.4,1172.3,1166.4,1163.1
3/12/2014,1325.8,1213.7,1198.1,1196.1
4/2/2014,1251.7,1260.7,1258.4,1247.8
4/3/2014,1337.8,1350.4,1350.4,1332.2
4/4/2014,1303.2,1306.1,1285.5,1284.4
4/6/2014,1244,1248.8,1245.1,1242.7
4/7/2014,1321.3,1324,1321.1,1319.6
4/8/2014,1441.9,1295,1294.4,1285.9
4/9/2014,1422.3,1272.7,1268.7,1260.3
4/11/2014,1290.3,1171,1166.9,1165
4/12/2014,1324.2,1213,1208.2,1201.6
5/2/2014,1257.3,1273.7,1254,1253.1
5/3/2014,1340.2,1341,1334.8,1334.8
5/5/2014,1309,1314.2,1305.6,1305.5
5/6/2014,1253,1256.6,1244,1241.2
5/8/2014,1439,1292.7,1288,1282.6
5/9/2014,1423.2,1268.1,1263.2,1263.2
5/11/2014,1268.1,1168.7,1168.1,1137.8
5/12/2014,1310.8,1206,1203.1,1186.7
6/1/2014,1237.8,1247,1232.8,1221.9
6/2/2014,1257.6,1267,1258,1253.5
6/3/2014,1351.7,1351.6,1338,1333.3
6/5/2014,1308.3,1309.4,1309.4,1306.9
6/6/2014,1252.1,1256.6,1253.4,1246.3
6/8/2014,1462.7,1309,1288.1,1287.8
6/10/2014,1360.7,1338.3,1338.3,1338.3
6/11/2014,1264.4,1147.5,1141.1,1137.9
7/1/2014,1229.4,1242.4,1239.3,1226
7/2/2014,1263.3,1271.4,1258.3,1257.9
7/3/2014,1338.1,1352.7,1349.5,1329.2
7/4/2014,1298,1304,1301.4,1296.3
7/5/2014,1288.6,1312,1310.3,1288
7/7/2014,1472,1320.3,1319.6,1313.2
7/8/2014,1467.3,1313.2,1305.3,1302.5
7/10/2014,1363.6,1210.8,1209.1,1205.3
7/11/2014,1291,1169.7,1139.9,1132.9
8/1/2014,1225.3,1227.5,1227.5,1218.6
8/4/2014,1308.7,1314.1,1296.6,1296.6
8/5/2014,1287.4,1291.5,1291.5,1285.5
8/7/2014,1471.4,1323.5,1318.4,1316
8/8/2014,1465.9,1322.1,1310.8,1308
8/9/2014,1410.2,1268.4,1268.4,1262.2
8/10/2014,1344.2,1217.9,1210.2,1207
8/12/2014,1314.4,1207,1190.6,1187.2
9/1/2014,1229.3,1229,1225.8,1225.8
9/4/2014,1305.5,1313.6,1309.5,1301.1
9/5/2014,1287.3,1287.3,1287.3,1287.3
9/6/2014,1253.5,1256.1,1252.7,1251.8
9/7/2014,1479.7,1330.4,1324,1324
9/9/2014,1404.6,1246.8,1246.8,1246.8
9/10/2014,1358.8,1229,1223.9,1223.9
9/12/2014,1350.2,1238,1202,1202
10/1/2014,1246.7,1246.8,1235,1234
10/2/2014,1274.8,1277.3,1269.6,1265.7
10/3/2014,1341.4,1344.7,1336,1330.5
10/4/2014,1320.1,1323.8,1311.8,1311.2
10/6/2014,1259.8,1262.3,1252.4,1251
10/7/2014,1494.7,1343.7,1330.5,1328
10/9/2014,1402,1256.7,1256.7,1243.5
10/10/2014,1353.7,1223.5,1223.5,1217
10/11/2014,1281.3,1171,1171,1150.7
10/12/2014,1345.5,1234.6,1231.2,1226.6
11/2/2014,1290.1,1292,1274,1273.8
11/3/2014,1346.5,1352.4,1340,1338.1
11/4/2014,1318.7,1322.8,1319,1316.3
11/6/2014,1260.8,1264.4,1259.9,1259.1
11/7/2014,1492.9,1339,1337.9,1336.2
11/8/2014,1465.5,1309.7,1308.4,1305.3
11/9/2014,1395.4,1237.4,1237.4,1237.4
11/11/2014,1285.1,1170.5,1155,1151.6
11/12/2014,1342.3,1232,1226.6,1216.2
12/2/2014,1295.3,1296.2,1290.5,1285.5
12/3/2014,1370.3,1370.5,1349.1,1348.7
12/5/2014,1295.6,1295.9,1282.1,1281.2
12/6/2014,1273.6,1274.5,1260,1260
12/8/2014,1465.3,1315.8,1306.2,1305.8
12/9/2014,1387.8,1227,1227,1227
12/11/2014,1280.4,1168.1,1162.5,1157.5
12/12/2014,1333.5,1227.8,1227.8,1216.2
1/1/2015,1186.8,1187.5,1184.1,1184.1
1/4/2015,1294.2,1294.2,1294.2,1294.2
1/5/2015,1266.1,1266.1,1266.1,1266.1
1/6/2015,1280.4,1280.4,1280.4,1280.4
1/7/2015,1268.5,1268.5,1268.5,1268
1/9/2015,1221.3,1221.3,1221.3,1221.3
1/10/2015,1182.1,1182.1,1182.1,1182.1
1/12/2015,1122,1122,1122,1122
2/1/2015,1337.7,1337.7,1337.7,1337.7
2/2/2015,1382.4,1382.4,1382.4,1382.4
2/3/2015,1305.8,1305.8,1305.8,1305.8
2/4/2015,1288.2,1288.2,1288.2,1288.2
2/6/2015,1287.8,1287.8,1287.8,1287.8
2/7/2015,1261.5,1261.5,1261.5,1261.5
2/9/2015,1214.4,1214.4,1214.4,1214.4
2/10/2015,1204.2,1204.2,1204.2,1204.2
2/11/2015,1190.4,1190.4,1190.4,1190.4
2/12/2015,1112.4,1112.4,1112.4,1112.4
3/2/2015,1367.3,1367.3,1367.3,1367.3
3/3/2015,1304.2,1304.2,1304.2,1304.2
3/4/2015,1288.2,1288.2,1288.2,1288.2
3/6/2015,1279.9,1279.9,1279.9,1279.9
3/7/2015,1167.8,1169,1164.7,1164.6
3/8/2015,1176.8,1176.8,1176.8,1176.8
3/9/2015,1203.5,1203.5,1203.5,1203.5
3/11/2015,1168.6,1168.6,1168.6,1168.6
3/12/2015,1120.6,1120.6,1120.6,1120.6
4/2/2015,1373.4,1367,1367,1367
4/3/2015,1300.6,1300.6,1300.6,1300.6
4/5/2015,1279,1279,1279,1279
4/6/2015,1270.1,1270.1,1270.1,1268.5
4/8/2015,1178.7,1178.7,1178.7,1178.7
4/9/2015,1200.5,1200.5,1200.5,1200.5
4/11/2015,1161.2,1161.2,1161.2,1161.2
4/12/2015,1143.2,1143.2,1143.2,1143.2
5/1/2015,1353.5,1340,1340,1340
5/2/2015,1354.9,1354.9,1354.9,1354.9
5/3/2015,1296.1,1296.1,1296.1,1296.1
5/5/2015,1288.2,1288.2,1288.2,1288.2
5/6/2015,1266.6,1266.8,1264,1263
5/8/2015,1177.1,1177.1,1177.1,1177.1
5/10/2015,1203.5,1203.5,1203.5,1203.5
5/11/2015,1160.1,1160.1,1160.1,1160.1
6/1/2015,1362.2,1362.2,1362.2,1362.2
6/2/2015,1332.6,1332.6,1332.6,1332.6
6/3/2015,1265.6,1265.6,1265.6,1265.6
6/4/2015,1305.4,1305.4,1305.4,1305.4
6/5/2015,1286.7,1286.7,1286.7,1286.7
6/7/2015,1270.6,1270.6,1270.6,1270.6
6/8/2015,1181.6,1181.6,1181.6,1181.6
6/9/2015,1119.9,1123.1,1122.3,1119.6
6/10/2015,1211.3,1211.3,1211.3,1211.3
6/11/2015,1147.9,1147.9,1147.9,1147.9
7/1/2015,1353.6,1353.6,1353.6,1350.3
7/4/2015,1298.4,1298.4,1298.4,1298.4
7/5/2015,1278.5,1278.5,1278.5,1278.5
7/7/2015,1249.5,1249.5,1249.5,1249.5
7/8/2015,1185.8,1185.8,1185.8,1185.8
7/9/2015,1119.9,1124,1119.5,1115.2
7/10/2015,1214,1214,1214,1214
7/12/2015,1134.3,1134.3,1134.3,1134.3
8/1/2015,1351.6,1351.6,1351.6,1350
8/4/2015,1291.1,1291.1,1291.1,1291.1
8/5/2015,1282.5,1282.5,1282.5,1282.5
8/6/2015,1272,1272,1272,1272
8/7/2015,1258.6,1258.6,1258.6,1258.6
8/9/2015,1199.9,1199.9,1199.9,1199.9
8/10/2015,1209.9,1209.9,1209.9,1209.9
8/12/2015,1134,1134,1134,1134
9/1/2015,1357.4,1357.4,1357.4,1357.4
9/2/2015,1339.9,1339.9,1339.9,1339.9
9/3/2015,1268,1268,1268,1268
9/4/2015,1281.6,1281.6,1281.6,1281.6
9/6/2015,1276.8,1276.8,1276.8,1276.8
9/7/2015,1255.1,1255.1,1255.1,1255.1
9/9/2015,1180.7,1180.7,1180.7,1180.7
9/10/2015,1222.4,1222.4,1222.4,1222.4
9/11/2015,1149.2,1149.2,1149.2,1149.2
9/12/2015,1134.9,1134.9,1134.9,1134.9
10/2/2015,1331.2,1331.2,1331.2,1331.2
10/3/2015,1258.1,1258.1,1258.1,1258.1
10/4/2015,1293.3,1293.3,1293.3,1293.3
10/6/2015,1288.6,1288.6,1288.6,1288.6
10/7/2015,1256.6,1256.6,1256.6,1256.6
10/8/2015,1195.8,1195.8,1195.8,1195.8
10/9/2015,1187.9,1187.9,1187.9,1187.9
10/11/2015,1149.4,1149.4,1149.4,1149.4
10/12/2015,1130.3,1130.3,1130.3,1130.3
11/2/2015,1319.2,1319.2,1319.2,1319.2
11/3/2015,1248.4,1248.4,1248.4,1248.4
11/5/2015,1277.3,1277.3,1277.3,1277.3
11/6/2015,1282.6,1282.6,1282.6,1282.6
11/8/2015,1197.7,1197.7,1197.7,1197.7
11/9/2015,1181.9,1181.9,1181.9,1181.9
11/11/2015,1145.4,1145.4,1145.4,1145.4
11/12/2015,1133.8,1133.8,1133.8,1133.8
12/1/2015,1373.2,1357.4,1357.4,1357.4
12/2/2015,1318.7,1318.7,1318.7,1318.7
12/3/2015,1249,1249,1249,1249
12/5/2015,1287,1287,1287,1287
12/6/2015,1281,1281,1281,1281
12/8/2015,1213,1213,1213,1213
12/10/2015,1231.1,1231.1,1231.1,1231.1
12/11/2015,1141.3,1141.3,1141.3,1141.3
1/2/2016,1173.5,1173.5,1173.5,1173.5
1/3/2016,1271.2,1271.2,1271.2,1271.2
1/4/2016,1268.9,1268.9,1268.9,1268.9
1/6/2016,1267.2,1267.2,1267.2,1267.2
1/7/2016,1394.3,1394.3,1394.3,1394.3
1/8/2016,1416.2,1416.2,1416.2,1416.2
1/9/2016,1372.6,1372.6,1372.6,1372.6
1/11/2016,1348,1348,1348,1348
1/12/2016,1233.7,1233.7,1233.7,1233.7
2/2/2016,1170.1,1170.1,1170.1,1170.1
2/3/2016,1283,1283,1283,1283
2/5/2016,1347.3,1347.3,1347.3,1347.3
2/6/2016,1264.9,1264.9,1264.9,1264.9
2/8/2016,1429.4,1429.4,1429.4,1429.4
2/9/2016,1385.3,1385.3,1385.3,1385.3
2/11/2016,1368,1368,1368,1368
2/12/2016,1242.4,1242.4,1242.4,1242.4
3/2/2016,1183.3,1183.3,1183.3,1183.3
3/3/2016,1300.7,1300.7,1300.7,1300.7
3/5/2016,1342.8,1342.8,1342.8,1342.8
3/6/2016,1294.6,1294.6,1294.6,1294.6
3/7/2016,1345.5,1347.55,1344.5,1338.85
3/8/2016,1423.9,1423.9,1423.9,1423.9
3/10/2016,1365.9,1365.9,1365.9,1365.9
3/11/2016,1363.8,1363.8,1363.8,1363.8
4/1/2016,1135.5,1135.5,1135.5,1135.5
4/2/2016,1197.7,1197.7,1197.7,1197.7
4/3/2016,1315.6,1315.6,1315.6,1315.6
4/4/2016,1264.7,1264.7,1264.7,1264.7
4/5/2016,1324.3,1324.3,1324.3,1324.3
4/7/2016,1352,1360.15,1345,1343
4/8/2016,1427.9,1427.9,1427.9,1427.9
4/9/2016,1326.25,1328.75,1328.2,1326.15
4/10/2016,1322.1,1322.1,1322.1,1322.1
4/11/2016,1365.7,1365.7,1365.7,1365.7
5/1/2016,1138.4,1138.4,1138.4,1138.4
5/2/2016,1198,1220.4,1220.4,1220.4
5/4/2016,1274.5,1274.5,1274.5,1274.5
5/5/2016,1317.8,1317.8,1317.8,1317.8
5/7/2016,1414.4,1414.4,1414.4,1414.4
5/8/2016,1407.9,1407.9,1407.9,1407.9
5/9/2016,1331.1,1332.15,1326.35,1325.55
5/10/2016,1321.3,1321.3,1321.3,1321.3
5/12/2016,1241.7,1236.7,1236.7,1236.7
6/1/2016,1151.9,1151.9,1151.9,1151.9
6/4/2016,1268.8,1268.8,1268.8,1268.8
6/5/2016,1340.1,1340.1,1340.1,1340.1
6/6/2016,1299.4,1299.4,1299.4,1299.4
6/7/2016,1422.8,1422.8,1422.8,1422.8
6/9/2016,1411.1,1411.1,1411.1,1411.1
6/10/2016,1305.5,1305.5,1305.5,1305.5
6/12/2016,1235,1235,1235,1235
7/1/2016,1162.7,1162.7,1162.7,1162.7
7/3/2016,1310.3,1310.3,1310.3,1310.3
7/4/2016,1282.3,1282.3,1282.3,1282.3
7/6/2016,1298.8,1298.8,1298.8,1298.8
7/7/2016,1415,1415,1415,1415
7/9/2016,1407.1,1407.1,1407.1,1407.1
7/10/2016,1304.5,1304.5,1304.5,1304.5
7/11/2016,1340.4,1340.4,1340.4,1340.4
7/12/2016,1250.6,1250.6,1250.6,1250.6
8/1/2016,1151.7,1151.7,1151.7,1151.7
8/2/2016,1238.2,1243.8,1243.8,1243.8
8/3/2016,1309,1309,1309,1309
8/4/2016,1287.3,1287.3,1287.3,1287.3
8/6/2016,1314,1314,1314,1314
8/7/2016,1412,1412,1412,1412
8/8/2016,1405.3,1405.3,1405.3,1405.3
8/9/2016,1400.2,1400.2,1400.2,1400.2
8/11/2016,1336.2,1336.2,1336.2,1336.2
8/12/2016,1246.4,1246.4,1246.4,1246.4
9/2/2016,1236.9,1236.9,1236.9,1236.9
9/3/2016,1303.4,1304,1304,1304
9/5/2016,1312.9,1312.9,1312.9,1312.9
9/6/2016,1324.4,1324.4,1324.4,1324.4
9/8/2016,1410.6,1409.9,1409.9,1409.9
9/9/2016,1393.1,1393.1,1393.1,1393.1
9/11/2016,1335.7,1334,1334,1334
9/12/2016,1236,1236,1236,1236
10/2/2016,1232.6,1232.6,1232.6,1232.6
10/3/2016,1320.1,1299,1299,1299
10/5/2016,1311.3,1311.3,1311.3,1311.3
10/6/2016,1327.7,1327.7,1327.7,1327.7
10/8/2016,1415.6,1415.6,1415.6,1415.6
10/10/2016,1313.9,1313.9,1313.9,1313.9
10/11/2016,1326.6,1326.6,1326.6,1326.6
11/1/2016,1148.5,1148.5,1148.5,1148.5
11/2/2016,1282.1,1269,1269,1269
11/3/2016,1308.6,1308.6,1308.6,1308.6
11/4/2016,1302.4,1302.4,1302.4,1302.4
11/5/2016,1322.6,1322.6,1322.6,1322.6
11/7/2016,1411.3,1411.3,1411.3,1411.3
11/8/2016,1414,1414,1414,1414
11/10/2016,1309.5,1309.5,1309.5,1309.5
11/11/2016,1282.7,1282.7,1282.7,1282.7
12/1/2016,1137.1,1137.1,1137.1,1137.1
12/2/2016,1271.2,1271.2,1271.2,1271.2
12/4/2016,1306.4,1306.4,1306.4,1306.4
12/5/2016,1317.7,1317.7,1317.7,1317.7
12/7/2016,1390.7,1390.7,1390.7,1390.7
12/8/2016,1406.8,1406.8,1406.8,1406.8
12/9/2016,1384.4,1384.4,1384.4,1384.4
12/10/2016,1307.7,1307.7,1307.7,1307.7
12/12/2016,1240.3,1240.3,1240.3,1240.3
1/2/2017,1289.5,1291,1289,1289
1/3/2017,1331.1,1331.1,1331.1,1331.1
1/5/2017,1334.6,1334.6,1334.6,1334.6
1/6/2017,1343.2,1343.2,1343.2,1343.2
1/8/2017,1346.3,1346.3,1346.3,1346.3
1/9/2017,1397.1,1397.1,1397.1,1397.1
1/11/2017,1354.6,1354.6,1354.6,1354.6
1/12/2017,1362.8,1362.8,1362.8,1362.8
2/1/2017,1151.05,1153.25,1151,1150
2/2/2017,1300.6,1300.6,1300.6,1300.6
2/3/2017,1313.9,1313.9,1313.9,1313.9
2/5/2017,1336.1,1336.1,1336.1,1336.1
2/6/2017,1353.1,1353.1,1353.1,1353.1
2/8/2017,1345.5,1345.5,1345.5,1345.5
2/10/2017,1350.1,1350.1,1350.1,1350.1
2/11/2017,1355.4,1355.4,1355.4,1355.4
3/1/2017,1244.7,1234,1232.4,1232.4
3/2/2017,1302.2,1302.2,1302.2,1302.2
3/3/2017,1308.8,1308.8,1308.8,1308.8
3/4/2017,1332.7,1332.7,1332.7,1332.7
3/5/2017,1327.6,1326.9,1326.9,1326.9
3/7/2017,1290.9,1289.9,1289.9,1289
3/8/2017,1341.6,1341.6,1341.6,1341.6
3/9/2017,1341.22,1342.07,1340.54,1338.96
3/10/2017,1348.8,1353.3,1353.3,1353.3
3/11/2017,1346.9,1346.9,1346.9,1346.9
4/1/2017,1247.1,1247.1,1247.1,1247.1
4/4/2017,1336.8,1333.1,1333.1,1333.1
4/5/2017,1307.4,1312.1,1312.1,1312.1
4/7/2017,1227.55,1228.03,1224.3,1221.49
4/8/2017,1331.7,1331.7,1331.7,1331.7
4/9/2017,1338.08,1344.59,1341.21,1337.01
4/10/2017,1351,1351,1351,1351
4/12/2017,1358,1358,1358,1358
5/1/2017,1262.1,1262.1,1262.1,1262.1
5/4/2017,1327.5,1327.5,1327.5,1327.5
5/5/2017,1305.8,1305.8,1305.8,1305.8
5/6/2017,1355.6,1355.6,1355.6,1355.6
5/7/2017,1293.9,1293.9,1293.9,1293.9
5/9/2017,1411.2,1411.2,1411.2,1411.2
5/10/2017,1348.3,1348.3,1348.3,1348.3
5/12/2017,1345.1,1345.1,1345.1,1345.1
6/1/2017,1255.7,1256,1256,1256
6/2/2017,1313.3,1313.3,1313.3,1313.3
6/3/2017,1307.3,1307.3,1307.3,1307.3
6/4/2017,1332.4,1332.4,1332.4,1332.4
6/6/2017,1370,1370,1370,1370
6/7/2017,1296.7,1296.7,1296.7,1296.7
6/9/2017,1405.9,1405.9,1405.9,1405.9
6/10/2017,1350,1350,1350,1350
6/11/2017,1359.7,1359.7,1359.7,1359.7
6/12/2017,1346.2,1346.2,1346.2,1346.2
7/2/2017,1316.4,1314.1,1314.1,1314.1
7/3/2017,1297.7,1307.6,1307.6,1307.5
7/4/2017,1336.8,1336.8,1336.8,1336.8
7/6/2017,1365.6,1365.6,1365.6,1365.6
7/7/2017,1282.4,1282.3,1282.3,1282.3
7/8/2017,1332,1326.4,1326.4,1326.4
7/9/2017,1418,1418,1418,1418
7/11/2017,1353.9,1353.9,1353.9,1353.9
7/12/2017,1333,1327.6,1327.6,1327.6
8/2/2017,1318.3,1323.9,1323.9,1323.9
8/3/2017,1291.9,1291.9,1291.9,1291.9
8/5/2017,1306.1,1306.1,1306.1,1306.1
8/6/2017,1351.9,1351.9,1351.9,1351.9
8/8/2017,1330.4,1330.4,1330.4,1330.4
8/9/2017,1419.3,1419.3,1419.3,1419.3
8/11/2017,1362.3,1362.3,1362.3,1362.3
8/12/2017,1328.1,1330.5,1330.5,1330.5
9/1/2017,1267.6,1262.8,1262.8,1262.8
9/2/2017,1315.4,1315.4,1315.4,1315.4
9/3/2017,1285.7,1285.7,1285.7,1285.7
9/5/2017,1295.1,1306.1,1306.1,1303.2
9/6/2017,1343.9,1343.9,1343.9,1343.9
9/8/2017,1347,1347,1347,1347
9/10/2017,1360.4,1362,1362,1362
9/11/2017,1366.8,1366.8,1366.8,1366.8
10/1/2017,1268.5,1268.5,1268.5,1268.5
10/2/2017,1314.5,1319,1319,1319
10/3/2017,1284,1284,1284,1284
10/4/2017,1333.3,1333.3,1333.3,1333.3
10/5/2017,1297.6,1305.2,1305,1305
10/7/2017,1286,1286,1286,1286
10/8/2017,1357.8,1357.8,1357.8,1357.8
10/10/2017,1369.4,1374.7,1374.7,1374.7
10/11/2017,1354.5,1354.5,1354.5,1354.5
11/1/2017,1280,1280,1280,1280
11/4/2017,1353.4,1353.4,1353.4,1353.4
11/5/2017,1302.9,1302.9,1302.9,1302.9
11/7/2017,1287.7,1287.7,1287.7,1287.7
11/8/2017,1361.4,1361.4,1361.4,1361.4
11/9/2017,1404.1,1404.1,1404.1,1404.1
11/10/2017,1364.5,1364.5,1364.5,1364.5
11/12/2017,1326.8,1326.8,1326.8,1326.8
12/1/2017,1283.3,1283.3,1283.3,1283.3
12/4/2017,1357.3,1357.3,1357.3,1357.3
12/5/2017,1305.7,1305.7,1305.7,1305.7
12/6/2017,1341.5,1341.5,1341.5,1341.5
12/7/2017,1291.2,1291.2,1291.2,1291.2
12/9/2017,1401.8,1406.6,1406.6,1406.6
12/10/2017,1372.3,1372.3,1372.3,1372.3
12/12/2017,1321.9,1321.9,1321.9,1321.9
1/1/2018,1308.7,1309.7,1305.8,1304.6
1/2/2018,1445.1,1445.1,1445.1,1445.1
1/3/2018,1406,1406,1406,1406
1/5/2018,1406.4,1406.4,1406.4,1406.4
1/6/2018,1390.1,1392.4,1392.4,1392.4
1/8/2018,1304,1304,1304,1304
1/10/2018,1264.4,1264.4,1264.4,1264.4
1/11/2018,1312.2,1312.2,1312.2,1312.2
2/1/2018,1400.1,1400.1,1400.1,1400.1
2/2/2018,1434.6,1434.6,1434.6,1434.6
2/3/2018,1424.2,1424.2,1424.2,1424.2
2/4/2018,1445.8,1445.8,1445.8,1445.8
2/5/2018,1405.3,1405.3,1405.3,1405.3
2/7/2018,1329.7,1329.7,1329.7,1329.7
2/8/2018,1296.2,1308,1308,1308
2/9/2018,1204.9,1206.6,1206.2,1204.5
2/10/2018,1280.7,1280.7,1280.7,1280.7
2/11/2018,1307.3,1307.3,1307.3,1307.3
3/1/2018,1404,1399,1399,1399
3/4/2018,1436.5,1436.5,1436.5,1436.5
3/5/2018,1412.4,1412.4,1412.4,1412.4
3/7/2018,1342.2,1342.2,1342.2,1342.2
3/8/2018,1299.4,1298.4,1288.8,1288.8
3/9/2018,1206.3,1209.6,1204.9,1201.3
3/10/2018,1276.7,1276.7,1276.7,1276.7
3/12/2018,1306.4,1306.4,1306.4,1306.4
4/1/2018,1407.3,1407.3,1407.3,1407.3
4/4/2018,1439.7,1439.7,1439.7,1439.7
4/5/2018,1414.7,1414.7,1414.7,1414.7
4/6/2018,1389.5,1390.5,1389.6,1389.6
4/7/2018,1258.1,1262.4,1256.2,1255.3
4/9/2018,1270.2,1270.2,1270.2,1270.2
4/10/2018,1275.5,1275.5,1275.5,1275.5
4/12/2018,1313.6,1313.6,1313.6,1313.6
5/1/2018,1408.3,1408.3,1408.3,1408.3
5/2/2018,1432.9,1432.9,1432.9,1432.9
5/3/2018,1420.5,1420.5,1420.5,1420.5
5/4/2018,1428.1,1428.1,1428.1,1428.1
5/6/2018,1394.5,1394.5,1394.5,1394.5
5/7/2018,1347.4,1347.4,1347.4,1347.4
5/9/2018,1272.6,1271.9,1266.1,1266.1
5/10/2018,1280.2,1280.2,1280.2,1280.2
5/11/2018,1306.4,1306.4,1306.4,1306.4
5/12/2018,1309.6,1309.6,1309.6,1309.6
6/2/2018,1425.4,1425.4,1425.4,1425.4
6/3/2018,1435.9,1435.9,1435.9,1435.9
6/4/2018,1435.9,1435.9,1435.9,1435.9
6/6/2018,1393.9,1393.9,1393.9,1393.9
6/7/2018,1344.6,1344.6,1344.6,1344.6
6/8/2018,1293.6,1305,1302.8,1298.6
6/9/2018,1275.7,1275.7,1275.7,1275.7
6/11/2018,1300.4,1300.4,1300.4,1300.4
6/12/2018,1310.2,1313.9,1313.9,1309.5
7/2/2018,1410.7,1410.7,1410.7,1410.7
7/3/2018,1427.9,1427.9,1427.9,1427.9
7/5/2018,1414.2,1414.2,1414.2,1414.2
7/6/2018,1394.8,1394.8,1394.8,1394.8
7/8/2018,1294.2,1294.2,1294.2,1294.2
7/9/2018,1272.1,1272.1,1272.1,1272.1
7/11/2018,1302.8,1302.8,1302.8,1302.8
7/12/2018,1319.5,1319.5,1319.5,1319.5
8/1/2018,1407.4,1407.4,1407.4,1407.4
8/2/2018,1414.8,1414.8,1414.8,1414.8
8/3/2018,1423.7,1423.7,1423.7,1423.7
8/5/2018,1413.8,1413.8,1413.8,1413.8
8/6/2018,1394.8,1394.8,1394.8,1394.8
8/8/2018,1296.8,1296.8,1296.8,1296.8
8/10/2018,1262.9,1262.9,1262.9,1262.9
8/11/2018,1299.3,1299.3,1299.3,1299.3
9/1/2018,1401.3,1398,1398,1398
9/2/2018,1410.1,1410.1,1410.1,1410.1
9/3/2018,1428,1428,1428,1428
9/4/2018,1439.6,1439.6,1439.6,1439.6
9/5/2018,1413,1413.5,1413.5,1413.3
9/7/2018,1348.8,1348.8,1348.8,1348.8
9/8/2018,1295.8,1295.8,1295.8,1295.8
9/10/2018,1265.8,1265.8,1265.8,1265.8
9/11/2018,1282.2,1282.2,1282.2,1282.2
10/1/2018,1408.3,1408.3,1408.3,1408.3
10/4/2018,1445.5,1445.5,1445.5,1445.5
10/5/2018,1422.1,1422.1,1422.1,1422.1
10/7/2018,1344.9,1344.9,1344.9,1344.9
10/8/2018,1294.6,1294.6,1294.6,1294.6
10/9/2018,1271.6,1271.6,1271.6,1271.6
10/10/2018,1267.7,1267.7,1267.7,1267.7
10/12/2018,1314.8,1314.8,1314.8,1314.8
11/1/2018,1411.4,1411.4,1411.4,1411.4
11/4/2018,1460,1460,1460,1460
11/5/2018,1420.4,1420.4,1420.4,1420.4
11/6/2018,1395.9,1395.9,1395.9,1395.9
11/7/2018,1333.1,1333.1,1333.1,1333.1
11/9/2018,1274.4,1274.4,1274.4,1274.4
11/10/2018,1302.3,1271.2,1271.2,1271.2
11/12/2018,1312.9,1312.9,1312.9,1312.9
12/1/2018,1425.7,1425.7,1425.7,1425.7
12/2/2018,1420.9,1420.9,1420.9,1420.9
12/3/2018,1424.8,1424.8,1424.8,1424.8
12/4/2018,1441.4,1441.4,1441.4,1441.4
12/6/2018,1392.2,1392.2,1392.2,1392.2
12/7/2018,1335.2,1335.2,1335.2,1335.2
12/9/2018,1283.9,1271,1269.6,1269.5
12/10/2018,1296.3,1296.3,1296.3,1296.3
12/11/2018,1276.8,1276.8,1276.8,1276.8
12/12/2018,1315.8,1315.8,1315.8,1315.8
1/1/2019,1283.35,1284.75,1284.7,1282.85
1/2/2019,1381.1,1382.6,1382.6,1382.6
1/3/2019,1358.3,1358.3,1358.3,1358.3
1/4/2019,1342.7,1342.7,1342.7,1342.7
1/5/2019,1334.2,1334.2,1334.2,1334.2
1/7/2019,1423.6,1444,1444,1424.4
1/8/2019,1461.5,1485.6,1450.8,1443.3
1/9/2019,1538.05,1542.9,1535.25,1535.25
1/10/2019,1518,1520,1502.6,1499
1/11/2019,1541.3,1545,1542.1,1538
2/1/2019,1349.5,1349.5,1349.5,1349.5
2/4/2019,1343.9,1343.2,1340.8,1340.8
2/5/2019,1322.2,1323,1323,1323
2/7/2019,1442.8,1428.6,1428.6,1428.6
2/8/2019,1485.3,1476.2,1476.2,1476.2
2/9/2019,1535.15,1540.05,1537.95,1528.15
2/10/2019,1536.8,1536.3,1512.8,1509.9
2/12/2019,1493.1,1495.3,1494,1485
3/1/2019,1359.8,1359.8,1359.8,1359.8
3/4/2019,1344,1344,1344,1344
3/5/2019,1331.7,1331.7,1331.7,1331.7
3/6/2019,1365.3,1356.5,1356.5,1356.5
3/7/2019,1456,1465.5,1465.5,1461.9
3/9/2019,1583.2,1583.9,1562.8,1561.2
3/10/2019,1541.3,1551.8,1536.8,1535.2
3/12/2019,1508.6,1510.3,1491.1,1491.1
4/1/2019,1351,1351.8,1351.8,1351.8
4/2/2019,1378.3,1378.3,1378.3,1378.3
4/3/2019,1346.3,1346.3,1346.3,1346.3
4/4/2019,1343.5,1343.5,1343.5,1343.5
4/6/2019,1366.5,1366.5,1366.5,1366.5
4/7/2019,1423.55,1426.65,1421.25,1412.85
4/9/2019,1587.4,1590.7,1582.7,1572
4/10/2019,1540.7,1541.3,1541.3,1530.2
4/11/2019,1541.6,1544.8,1544.8,1541
4/12/2019,1504.5,1513.5,1509.1,1502.5
5/2/2019,1378.6,1378.6,1378.6,1378.6
5/3/2019,1343.5,1343.5,1343.5,1343.5
5/4/2019,1345.2,1345.2,1345.2,1345.2
5/6/2019,1370.2,1376.6,1376.6,1368.8
5/7/2019,1436.6,1433,1428,1428
5/8/2019,1502.6,1505,1487.4,1487.4
5/9/2019,1552.9,1584.1,1579.5,1544.9
5/11/2019,1514.5,1535,1535,1513
5/12/2019,1507.5,1508,1505,1503
6/2/2019,1373.8,1373.8,1373.8,1373.8
6/3/2019,1346.5,1346.5,1346.5,1346.5
6/5/2019,1334,1334,1334,1334
6/6/2019,1378.5,1370,1370,1370
6/8/2019,1509.7,1511.1,1507.2,1498.6
6/9/2019,1543.3,1559.9,1551,1539.2
6/11/2019,1523.9,1525.4,1516.7,1516.1
6/12/2019,1489.9,1506,1503,1488
7/1/2019,1355.2,1355.2,1355.2,1355.2
7/2/2019,1373.6,1373.6,1373.6,1373.6
7/3/2019,1344.9,1344.9,1344.9,1344.9
7/5/2019,1335.8,1335.8,1335.8,1335.8
7/6/2019,1381.9,1388.5,1388.5,1382.4
7/8/2019,1544.6,1547.7,1510.6,1510.6
7/10/2019,1532.5,1538.9,1538.9,1522.2
7/11/2019,1497.7,1520.1,1520.1,1495.1
8/1/2019,1351.1,1351.1,1351.1,1351.1
8/2/2019,1377.8,1377.8,1377.8,1377.8
8/3/2019,1358.5,1358.5,1358.5,1358.5
8/4/2019,1351.9,1351.9,1351.9,1351.9
8/5/2019,1331.4,1338,1338,1338
8/7/2019,1437.3,1436.9,1436.9,1436.9
8/8/2019,1535,1542.1,1533,1532.6
8/10/2019,1531.9,1540,1524.2,1522.6
8/11/2019,1496.3,1503,1500.5,1488.8
9/1/2019,1357.3,1357.3,1357.3,1357.3
9/4/2019,1358.4,1358.4,1358.4,1358.4
9/5/2019,1335.1,1335.1,1335.1,1335.1
9/7/2019,1438.3,1430.8,1430.6,1430.6
9/8/2019,1534.5,1543.8,1542.8,1535
9/9/2019,1539.6,1546.6,1540.1,1534.1
9/10/2019,1541.1,1543,1539.7,1535
9/12/2019,1489.8,1493.2,1493.2,1489.4
10/1/2019,1353,1353,1353,1353
10/4/2019,1363.9,1363.9,1363.9,1363.9
10/5/2019,1337.2,1337.2,1337.2,1337.2
10/6/2019,1366.9,1378,1378,1367
10/7/2019,1450.5,1450.5,1450.5,1450.5
10/9/2019,1528.1,1532.6,1531.9,1524.9
10/10/2019,1529.7,1548,1548,1526
10/12/2019,1493.2,1496,1490.6,1489.7
11/1/2019,1355.4,1355.4,1355.4,1355.4
11/2/2019,1371.2,1371.2,1371.2,1371.2
11/3/2019,1350,1350,1350,1350
11/4/2019,1343.4,1356.6,1356.6,1356.6
11/6/2019,1369,1369,1369,1369
11/7/2019,1445.3,1467.2,1461.4,1461.4
11/9/2019,1532.4,1534.4,1528.8,1528.8
11/10/2019,1517.8,1534.6,1533.7,1508
11/11/2019,1488,1494,1494,1480.1
11/12/2019,1500.1,1507,1500,1497.5
12/2/2019,1373.2,1373.2,1373.2,1373.2
12/3/2019,1356.6,1356.6,1356.6,1356.6
12/4/2019,1346.3,1346.3,1346.3,1346.3
12/6/2019,1373.8,1373.8,1373.8,1373.8
12/7/2019,1450.9,1450.9,1450.9,1450.9
12/8/2019,1543,1550.1,1536,1526.4
12/9/2019,1537.8,1558.6,1530.4,1530.4
12/11/2019,1484.2,1488.5,1487.8,1480
12/12/2019,1497.5,1514,1511.2,1494.1
1/1/2020,1520.95,1523.95,1520.85,1520.85
1/4/2020,1592.5,1611,1580,1577.7
1/5/2020,1712,1723.1,1705.7,1688
1/6/2020,1763.7,1774.5,1763.1,1751.6
1/7/2020,1801.9,1827.1,1817.5,1789.8
1/9/2020,1978.9,2001.2,1973.7,1969.2
1/10/2020,1916.3,1917.9,1891.2,1890
1/12/2020,1818.9,1821.1,1780.3,1778.4
2/1/2020,1555.2,1559.5,1548.7,1548.2
2/3/2020,1609.7,1626,1609.1,1593.9
2/4/2020,1638.9,1645.2,1607,1596.7
2/6/2020,1749.7,1771,1766.2,1743.4
2/7/2020,1812,1813.9,1802.2,1788.3
2/9/2020,1944.7,1980.4,1976.8,1938.9
2/10/2020,1907.6,1923.6,1911,1895.2
2/11/2020,1892.5,1897.1,1877,1873.3
2/12/2020,1830.2,1835.7,1819.1,1810.5
3/1/2020,1579.6,1583.6,1561.6,1561.6
3/2/2020,1604,1619.6,1618.8,1595
3/3/2020,1658.8,1663.8,1606.5,1606.5
3/4/2020,1646.5,1651.5,1639,1625.3
3/6/2020,1723.5,1754.1,1750.3,1707.5
3/7/2020,1787.6,1788.7,1786.9,1783.65
3/8/2020,1986.3,2009.5,1997.4,1975.2
3/9/2020,1937.8,1956.6,1948.9,1927.2
3/11/2020,1910.4,1912.2,1896.4,1887.6
3/12/2020,1841.1,1847.4,1833.9,1826.7
4/2/2020,1577.5,1602.3,1602.3,1576
4/3/2020,1656.5,1661.1,1660.1,1647.3
4/5/2020,1725.9,1735.5,1722.9,1711.8
4/6/2020,1746.4,1747.3,1721,1718.5
4/8/2020,2021,2037.7,1993.5,1982.6
4/9/2020,1934.3,1956.6,1938,1921.6
4/11/2020,1896.2,1917.9,1910.3,1881.8
4/12/2020,1840,1852.7,1844.7,1832
5/2/2020,1584.7,1587,1579.4,1573
5/3/2020,1680.4,1687.2,1653.4,1653
5/5/2020,1728,1733.7,1719,1710.5
5/6/2020,1701.9,1741.9,1740.2,1690.1
5/8/2020,2049.3,2070.3,2037,2027.5
5/10/2020,1920.1,1924.9,1910.9,1891.2
5/11/2020,1946.8,1954.3,1903.4,1902.2
6/1/2020,1596.1,1615.3,1590.2,1590
6/2/2020,1591.7,1592.4,1580.7,1579.3
6/3/2020,1683,1703.6,1683.6,1657.7
6/4/2020,1693.1,1713.5,1649.5,1640
6/5/2020,1704.4,1733.4,1730.5,1698.8
6/7/2020,1816.1,1821.3,1809.3,1801.6
6/8/2020,2069.4,2081.8,2055,2049
6/9/2020,1940.65,1944.3,1941.9,1937.65
6/10/2020,1908.8,1927,1917.8,1878.2
6/11/2020,1951.7,1961.8,1950,1937.2
7/1/2020,1601.3,1605.5,1594.5,1586.5
7/2/2020,1595,1598.3,1591,1588.4
7/4/2020,1683.7,1740.8,1713.1,1674.3
7/5/2020,1743.7,1750.5,1706.4,1704.5
7/7/2020,1834.3,1835,1817.2,1804.8
7/8/2020,2028,2089.2,2076.4,2024.8
7/9/2020,1937.1,1947.4,1940.7,1930.45
7/10/2020,1890.8,1902.4,1882.6,1877.1
7/12/2020,1866,1873,1841.1,1824.8
8/1/2020,1587,1637.9,1603.3,1581.5
8/4/2020,1684.1,1693.9,1680.1,1673.9
8/5/2020,1735.2,1752.7,1743.5,1724.5
8/6/2020,1723.8,1726,1706.1,1700.1
8/7/2020,1850.6,1857,1832.6,1829.1
8/9/2020,1943.2,1948.3,1938,1911.7
8/10/2020,1895.1,1905.3,1890.6,1885.3
8/12/2020,1874.9,1879.8,1866.1,1863.9
9/1/2020,1581.4,1587.5,1583,1570.2
9/3/2020,1684.1,1712.1,1700,1668.1
9/4/2020,1753.6,1754.3,1679.2,1679.2
9/6/2020,1740.3,1747.5,1724.9,1715.9
9/7/2020,1833.5,1854.6,1849.8,1829.6
9/9/2020,1954.9,1959.7,1939.4,1926.3
9/10/2020,1926.2,1936.8,1898.4,1898
9/11/2020,1854.4,1966.1,1956,1848
9/12/2020,1838.5,1875.9,1875.4,1828.2
10/1/2020,1587,1589.6,1577.6,1574.1
10/2/2020,1600.7,1601.5,1599.5,1594.2
10/3/2020,1669,1679.3,1675,1651.5
10/4/2020,1740.6,1740.6,1740.6,1740.6
10/6/2020,1739,1767,1737.7,1732.8
10/7/2020,1831.3,1846.3,1837,1825.5
10/8/2020,2039.7,2060.8,2044.8,2027.8
10/9/2020,1964.3,1975.2,1955.3,1948.6
10/11/2020,1876.4,1888.9,1864.1,1858.9
10/12/2020,1837.4,1854.2,1843,1831.5
11/2/2020,1591.1,1597.9,1597.3,1587.1
11/3/2020,1650.8,1677.6,1657.9,1641.7
11/5/2020,1720.9,1734.2,1727.7,1714.2
11/6/2020,1757.6,1772.6,1764.9,1746
11/8/2020,1946.3,2040.5,2038.4,1911.3
11/9/2020,1947.9,1963.4,1953.8,1944
11/11/2020,1861.6,1882.5,1876.1,1853.9
11/12/2020,1843.6,1851.8,1840,1826.8
12/2/2020,1592.4,1593.9,1590.8,1587.5
12/3/2020,1598.8,1655.2,1648.6,1568.7
12/5/2020,1728,1737.2,1721.1,1717
12/6/2020,1755.2,1770.5,1751.7,1746.9
12/8/2020,1949,1961,1921.6,1874.2
12/10/2020,1928.9,1939.4,1935,1923.8
12/11/2020,1873.3,1883,1863.9,1860.7
1/1/2021,1901.6,1901.6,1901.6,1901.6
Grand Total,3764460.52,3760974.43,3747554.67,3732339.78
