Date,Day,Price
01-Jan-21,Fri,1901.60
31-Dec-20,Thu,1895.10
30-Dec-20,Wed,1893.40
29-Dec-20,Tue,1882.90
28-Dec-20,Mon,1880.40
24-Dec-20,Thu,1883.20
23-Dec-20,Wed,1878.10
22-Dec-20,Tue,1870.30
21-Dec-20,Mon,1882.80
18-Dec-20,Fri,1888.90
17-Dec-20,Thu,1890.40
16-Dec-20,Wed,1859.10
15-Dec-20,Tue,1855.30
14-Dec-20,Mon,1832.10
11-Dec-20,Fri,1843.60
10-Dec-20,Thu,1837.40
09-Dec-20,Wed,1838.50
08-Dec-20,Tue,1874.90
07-Dec-20,Mon,1866.00
04-Dec-20,Fri,1840.00
03-Dec-20,Thu,1841.10
02-Dec-20,Wed,1830.20
01-Dec-20,Tue,1818.90
30-Nov-20,Mon,1780.90
27-Nov-20,Fri,1788.10
26-Nov-20,Thu,1807.00
25-Nov-20,Wed,1811.20
24-Nov-20,Tue,1810.90
23-Nov-20,Mon,1837.80
20-Nov-20,Fri,1872.40
19-Nov-20,Thu,1861.50
18-Nov-20,Wed,1873.90
17-Nov-20,Tue,1885.10
16-Nov-20,Mon,1887.80
13-Nov-20,Fri,1886.20
12-Nov-20,Thu,1873.30
11-Nov-20,Wed,1861.60
10-Nov-20,Tue,1876.40
09-Nov-20,Mon,1854.40
06-Nov-20,Fri,1951.70
05-Nov-20,Thu,1946.80
04-Nov-20,Wed,1896.20
03-Nov-20,Tue,1910.40
02-Nov-20,Mon,1892.50
30-Oct-20,Fri,1879.90
29-Oct-20,Thu,1868.00
28-Oct-20,Wed,1879.20
27-Oct-20,Tue,1911.90
26-Oct-20,Mon,1905.70
23-Oct-20,Fri,1905.20
22-Oct-20,Thu,1904.60
21-Oct-20,Wed,1929.50
20-Oct-20,Tue,1915.40
19-Oct-20,Mon,1911.70
16-Oct-20,Fri,1906.40
15-Oct-20,Thu,1908.90
14-Oct-20,Wed,1907.30
13-Oct-20,Tue,1894.60
12-Oct-20,Mon,1928.90
09-Oct-20,Fri,1926.20
08-Oct-20,Thu,1895.10
07-Oct-20,Wed,1890.80
06-Oct-20,Tue,1908.80
05-Oct-20,Mon,1920.10
02-Oct-20,Fri,1907.60
01-Oct-20,Thu,1916.30
30-Sep-20,Wed,1895.50
29-Sep-20,Tue,1903.20
28-Sep-20,Mon,1882.30
25-Sep-20,Fri,1866.30
24-Sep-20,Thu,1876.90
23-Sep-20,Wed,1868.40
22-Sep-20,Tue,1907.60
21-Sep-20,Mon,1910.60
18-Sep-20,Fri,1962.10
17-Sep-20,Thu,1949.90
16-Sep-20,Wed,1970.50
15-Sep-20,Tue,1966.20
14-Sep-20,Mon,1963.70
11-Sep-20,Fri,1947.90
10-Sep-20,Thu,1964.30
09-Sep-20,Wed,1954.90
08-Sep-20,Tue,1943.20
07-Sep-20,Mon,1937.10
06-Sep-20,Sun,1940.65
04-Sep-20,Fri,1934.30
03-Sep-20,Thu,1937.80
02-Sep-20,Wed,1944.70
01-Sep-20,Tue,1978.90
31-Aug-20,Mon,1978.60
28-Aug-20,Fri,1974.90
27-Aug-20,Thu,1932.60
26-Aug-20,Wed,1952.50
25-Aug-20,Tue,1923.10
24-Aug-20,Mon,1939.20
21-Aug-20,Fri,1947.00
20-Aug-20,Thu,1946.50
19-Aug-20,Wed,1970.30
18-Aug-20,Tue,2013.10
17-Aug-20,Mon,1998.70
14-Aug-20,Fri,1949.80
13-Aug-20,Thu,1970.40
12-Aug-20,Wed,1949.00
11-Aug-20,Tue,1946.30
10-Aug-20,Mon,2039.70
07-Aug-20,Fri,2028.00
06-Aug-20,Thu,2069.40
05-Aug-20,Wed,2049.30
04-Aug-20,Tue,2021.00
03-Aug-20,Mon,1986.30
31-Jul-20,Fri,1985.90
30-Jul-20,Thu,1966.80
29-Jul-20,Wed,1976.70
28-Jul-20,Tue,1963.90
27-Jul-20,Mon,1955.40
24-Jul-20,Fri,1925.20
23-Jul-20,Thu,1917.40
22-Jul-20,Wed,1892.60
21-Jul-20,Tue,1869.60
20-Jul-20,Mon,1840.10
17-Jul-20,Fri,1833.70
16-Jul-20,Thu,1826.50
15-Jul-20,Wed,1841.60
14-Jul-20,Tue,1841.50
13-Jul-20,Mon,1843.70
10-Jul-20,Fri,1831.30
09-Jul-20,Thu,1833.50
08-Jul-20,Wed,1850.60
07-Jul-20,Tue,1834.30
06-Jul-20,Mon,1816.10
03-Jul-20,Fri,1787.60
02-Jul-20,Thu,1812.00
01-Jul-20,Wed,1801.90
30-Jun-20,Tue,1820.40
29-Jun-20,Mon,1800.10
26-Jun-20,Fri,1798.50
25-Jun-20,Thu,1788.40
24-Jun-20,Wed,1792.60
23-Jun-20,Tue,1797.10
22-Jun-20,Mon,1781.70
19-Jun-20,Fri,1768.60
18-Jun-20,Thu,1747.90
17-Jun-20,Wed,1753.40
16-Jun-20,Tue,1754.40
15-Jun-20,Mon,1744.90
12-Jun-20,Fri,1755.20
11-Jun-20,Thu,1757.60
10-Jun-20,Wed,1739.00
09-Jun-20,Tue,1740.30
08-Jun-20,Mon,1723.80
05-Jun-20,Fri,1701.90
04-Jun-20,Thu,1746.40
03-Jun-20,Wed,1723.50
02-Jun-20,Tue,1749.70
01-Jun-20,Mon,1763.70
29-May-20,Fri,1765.70
28-May-20,Thu,1742.70
27-May-20,Wed,1740.50
26-May-20,Tue,1740.50
25-May-20,Mon,1727.00
24-May-20,Sun,1730.65
22-May-20,Fri,1765.60
21-May-20,Thu,1750.40
20-May-20,Wed,1781.70
19-May-20,Tue,1773.40
18-May-20,Mon,1760.60
15-May-20,Fri,1778.70
14-May-20,Thu,1762.00
13-May-20,Wed,1737.30
12-May-20,Tue,1728.00
11-May-20,Mon,1720.90
08-May-20,Fri,1735.20
07-May-20,Thu,1743.70
06-May-20,Wed,1704.40
05-May-20,Tue,1728.00
04-May-20,Mon,1725.90
01-May-20,Fri,1712.00
30-Apr-20,Thu,1704.90
29-Apr-20,Wed,1722.40
28-Apr-20,Tue,1731.20
27-Apr-20,Mon,1731.40
24-Apr-20,Fri,1741.70
23-Apr-20,Thu,1751.00
22-Apr-20,Wed,1743.50
21-Apr-20,Tue,1692.10
20-Apr-20,Mon,1715.30
17-Apr-20,Fri,1702.70
16-Apr-20,Thu,1736.30
15-Apr-20,Wed,1744.70
14-Apr-20,Tue,1771.20
13-Apr-20,Mon,1762.70
10-Apr-20,Fri,1740.60
09-Apr-20,Thu,1753.60
08-Apr-20,Wed,1684.10
07-Apr-20,Tue,1683.70
06-Apr-20,Mon,1693.10
03-Apr-20,Fri,1646.50
02-Apr-20,Thu,1638.90
01-Apr-20,Wed,1592.50
31-Mar-20,Tue,1597.60
30-Mar-20,Mon,1644.10
27-Mar-20,Fri,1655.00
26-Mar-20,Thu,1662.00
25-Mar-20,Wed,1633.30
24-Mar-20,Tue,1663.00
23-Mar-20,Mon,1581.40
20-Mar-20,Fri,1495.10
19-Mar-20,Thu,1489.40
18-Mar-20,Wed,1487.10
17-Mar-20,Tue,1534.10
16-Mar-20,Mon,1493.80
13-Mar-20,Fri,1524.90
12-Mar-20,Thu,1598.80
11-Mar-20,Wed,1650.80
10-Mar-20,Tue,1669.00
09-Mar-20,Mon,1684.10
06-Mar-20,Fri,1683.00
05-Mar-20,Thu,1680.40
04-Mar-20,Wed,1656.50
03-Mar-20,Tue,1658.80
02-Mar-20,Mon,1609.70
28-Feb-20,Fri,1583.60
27-Feb-20,Thu,1661.40
26-Feb-20,Wed,1662.90
25-Feb-20,Tue,1670.20
24-Feb-20,Mon,1697.10
21-Feb-20,Fri,1669.10
20-Feb-20,Thu,1640.80
19-Feb-20,Wed,1632.20
18-Feb-20,Tue,1624.00
17-Feb-20,Mon,1587.05
16-Feb-20,Sun,1586.25
14-Feb-20,Fri,1606.90
13-Feb-20,Thu,1599.60
12-Feb-20,Wed,1592.40
11-Feb-20,Tue,1591.10
10-Feb-20,Mon,1600.70
07-Feb-20,Fri,1595.00
06-Feb-20,Thu,1591.70
05-Feb-20,Wed,1584.70
04-Feb-20,Tue,1577.50
03-Feb-20,Mon,1604.00
31-Jan-20,Fri,1609.40
30-Jan-20,Thu,1610.70
29-Jan-20,Wed,1597.90
28-Jan-20,Tue,1596.90
27-Jan-20,Mon,1604.60
24-Jan-20,Fri,1599.00
23-Jan-20,Thu,1592.10
22-Jan-20,Wed,1583.50
21-Jan-20,Tue,1584.70
20-Jan-20,Mon,1561.25
19-Jan-20,Sun,1557.05
17-Jan-20,Fri,1587.20
16-Jan-20,Thu,1576.90
15-Jan-20,Wed,1580.30
14-Jan-20,Tue,1571.20
13-Jan-20,Mon,1577.50
10-Jan-20,Fri,1587.00
09-Jan-20,Thu,1581.40
08-Jan-20,Wed,1587.00
07-Jan-20,Tue,1601.30
06-Jan-20,Mon,1596.10
03-Jan-20,Fri,1579.60
02-Jan-20,Thu,1555.20
01-Jan-20,Wed,1520.95
31-Dec-19,Tue,1550.60
30-Dec-19,Mon,1545.40
27-Dec-19,Fri,1544.40
26-Dec-19,Thu,1540.30
25-Dec-19,Wed,1504.05
24-Dec-19,Tue,1530.50
23-Dec-19,Mon,1514.40
20-Dec-19,Fri,1506.40
19-Dec-19,Thu,1510.00
18-Dec-19,Wed,1504.30
17-Dec-19,Tue,1506.80
16-Dec-19,Mon,1506.70
13-Dec-19,Fri,1506.90
12-Dec-19,Thu,1497.50
11-Dec-19,Wed,1500.10
10-Dec-19,Tue,1493.20
09-Dec-19,Mon,1489.80
06-Dec-19,Fri,1489.90
05-Dec-19,Thu,1507.50
04-Dec-19,Wed,1504.50
03-Dec-19,Tue,1508.60
02-Dec-19,Mon,1493.10
29-Nov-19,Fri,1496.60
28-Nov-19,Thu,1462.25
27-Nov-19,Wed,1484.40
26-Nov-19,Tue,1491.00
25-Nov-19,Mon,1488.10
22-Nov-19,Fri,1494.40
21-Nov-19,Thu,1494.00
20-Nov-19,Wed,1504.50
19-Nov-19,Tue,1504.80
18-Nov-19,Mon,1502.40
15-Nov-19,Fri,1499.10
14-Nov-19,Thu,1504.00
13-Nov-19,Wed,1493.90
12-Nov-19,Tue,1484.20
11-Nov-19,Mon,1488.00
08-Nov-19,Fri,1496.30
07-Nov-19,Thu,1497.70
06-Nov-19,Wed,1523.90
05-Nov-19,Tue,1514.50
04-Nov-19,Mon,1541.60
01-Nov-19,Fri,1541.30
31-Oct-19,Thu,1544.00
30-Oct-19,Wed,1526.50
29-Oct-19,Tue,1520.60
28-Oct-19,Mon,1525.80
25-Oct-19,Fri,1535.10
24-Oct-19,Thu,1533.90
23-Oct-19,Wed,1524.90
22-Oct-19,Tue,1516.60
21-Oct-19,Mon,1517.30
18-Oct-19,Fri,1523.00
17-Oct-19,Thu,1527.80
16-Oct-19,Wed,1523.40
15-Oct-19,Tue,1513.10
14-Oct-19,Mon,1527.10
11-Oct-19,Fri,1517.80
10-Oct-19,Thu,1529.70
09-Oct-19,Wed,1541.10
08-Oct-19,Tue,1531.90
07-Oct-19,Mon,1532.50
04-Oct-19,Fri,1540.70
03-Oct-19,Thu,1541.30
02-Oct-19,Wed,1536.80
01-Oct-19,Tue,1518.00
30-Sep-19,Mon,1502.30
27-Sep-19,Fri,1536.10
26-Sep-19,Thu,1545.00
25-Sep-19,Wed,1542.00
24-Sep-19,Tue,1570.10
23-Sep-19,Mon,1561.60
20-Sep-19,Fri,1545.30
19-Sep-19,Thu,1536.40
18-Sep-19,Wed,1546.10
17-Sep-19,Tue,1544.10
16-Sep-19,Mon,1542.30
13-Sep-19,Fri,1530.70
12-Sep-19,Thu,1537.80
11-Sep-19,Wed,1532.40
10-Sep-19,Tue,1528.10
09-Sep-19,Mon,1539.60
06-Sep-19,Fri,1543.30
05-Sep-19,Thu,1552.90
04-Sep-19,Wed,1587.40
03-Sep-19,Tue,1583.20
02-Sep-19,Mon,1535.15
01-Sep-19,Sun,1538.05
30-Aug-19,Fri,1557.20
29-Aug-19,Thu,1564.00
28-Aug-19,Wed,1575.30
27-Aug-19,Tue,1578.00
26-Aug-19,Mon,1563.10
23-Aug-19,Fri,1563.50
22-Aug-19,Thu,1534.40
21-Aug-19,Wed,1541.50
20-Aug-19,Tue,1541.30
19-Aug-19,Mon,1537.20
16-Aug-19,Fri,1549.20
15-Aug-19,Thu,1556.70
14-Aug-19,Wed,1554.00
13-Aug-19,Tue,1540.70
12-Aug-19,Mon,1543.00
09-Aug-19,Fri,1534.50
08-Aug-19,Thu,1535.00
07-Aug-19,Wed,1544.60
06-Aug-19,Tue,1509.70
05-Aug-19,Mon,1502.60
02-Aug-19,Fri,1485.30
01-Aug-19,Thu,1461.50
31-Jul-19,Wed,1466.30
30-Jul-19,Tue,1470.30
29-Jul-19,Mon,1461.70
26-Jul-19,Fri,1460.40
25-Jul-19,Thu,1454.40
24-Jul-19,Wed,1462.90
23-Jul-19,Tue,1460.80
22-Jul-19,Mon,1466.00
19-Jul-19,Fri,1465.50
18-Jul-19,Thu,1467.20
17-Jul-19,Wed,1462.50
16-Jul-19,Tue,1450.20
15-Jul-19,Mon,1452.30
12-Jul-19,Fri,1450.90
11-Jul-19,Thu,1445.30
10-Jul-19,Wed,1450.50
09-Jul-19,Tue,1438.30
08-Jul-19,Mon,1437.30
05-Jul-19,Fri,1436.60
04-Jul-19,Thu,1423.55
03-Jul-19,Wed,1456.00
02-Jul-19,Tue,1442.80
01-Jul-19,Mon,1423.60
28-Jun-19,Fri,1446.80
27-Jun-19,Thu,1444.50
26-Jun-19,Wed,1447.80
25-Jun-19,Tue,1451.30
24-Jun-19,Mon,1450.90
21-Jun-19,Fri,1432.70
20-Jun-19,Thu,1429.40
19-Jun-19,Wed,1384.40
18-Jun-19,Tue,1387.40
17-Jun-19,Mon,1379.60
14-Jun-19,Fri,1381.50
13-Jun-19,Thu,1380.70
12-Jun-19,Wed,1373.80
11-Jun-19,Tue,1369.00
10-Jun-19,Mon,1366.90
07-Jun-19,Fri,1381.90
06-Jun-19,Thu,1378.50
05-Jun-19,Wed,1370.20
04-Jun-19,Tue,1366.50
03-Jun-19,Mon,1365.30
31-May-19,Fri,1349.60
30-May-19,Thu,1332.90
29-May-19,Wed,1326.50
28-May-19,Tue,1323.30
27-May-19,Mon,1284.95
26-May-19,Sun,1284.15
24-May-19,Fri,1330.10
23-May-19,Thu,1331.80
22-May-19,Wed,1321.30
21-May-19,Tue,1320.10
20-May-19,Mon,1324.20
17-May-19,Fri,1322.50
16-May-19,Thu,1333.10
15-May-19,Wed,1344.50
14-May-19,Tue,1343.40
13-May-19,Mon,1350.20
10-May-19,Fri,1337.20
09-May-19,Thu,1335.10
08-May-19,Wed,1331.40
07-May-19,Tue,1335.80
06-May-19,Mon,1334.00
03-May-19,Fri,1331.70
02-May-19,Thu,1322.20
01-May-19,Wed,1334.20
30-Apr-19,Tue,1335.70
29-Apr-19,Mon,1331.60
26-Apr-19,Fri,1339.20
25-Apr-19,Thu,1330.20
24-Apr-19,Wed,1329.90
23-Apr-19,Tue,1323.80
22-Apr-19,Mon,1328.50
19-Apr-19,Fri,1277.90
18-Apr-19,Thu,1326.90
17-Apr-19,Wed,1327.60
16-Apr-19,Tue,1328.10
15-Apr-19,Mon,1342.40
12-Apr-19,Fri,1346.30
11-Apr-19,Thu,1343.40
10-Apr-19,Wed,1363.90
09-Apr-19,Tue,1358.40
08-Apr-19,Mon,1351.90
05-Apr-19,Fri,1345.20
04-Apr-19,Thu,1343.50
03-Apr-19,Wed,1344.00
02-Apr-19,Tue,1343.90
01-Apr-19,Mon,1342.70
29-Mar-19,Fri,1346.00
28-Mar-19,Thu,1342.40
27-Mar-19,Wed,1363.80
26-Mar-19,Tue,1369.30
25-Mar-19,Mon,1378.10
22-Mar-19,Fri,1369.30
21-Mar-19,Thu,1364.50
20-Mar-19,Wed,1359.50
19-Mar-19,Tue,1364.70
18-Mar-19,Mon,1359.40
15-Mar-19,Fri,1360.60
14-Mar-19,Thu,1352.90
13-Mar-19,Wed,1368.10
12-Mar-19,Tue,1356.60
11-Mar-19,Mon,1350.00
08-Mar-19,Fri,1358.50
07-Mar-19,Thu,1344.90
06-Mar-19,Wed,1346.50
05-Mar-19,Tue,1343.50
04-Mar-19,Mon,1346.30
01-Mar-19,Fri,1358.30
28-Feb-19,Thu,1375.30
27-Feb-19,Wed,1380.50
26-Feb-19,Tue,1387.90
25-Feb-19,Mon,1389.00
22-Feb-19,Fri,1392.50
21-Feb-19,Thu,1387.20
20-Feb-19,Wed,1406.70
19-Feb-19,Tue,1403.90
18-Feb-19,Mon,1329.55
17-Feb-19,Sun,1324.25
15-Feb-19,Fri,1381.20
14-Feb-19,Thu,1373.20
13-Feb-19,Wed,1374.60
12-Feb-19,Tue,1373.20
11-Feb-19,Mon,1371.20
08-Feb-19,Fri,1377.80
07-Feb-19,Thu,1373.60
06-Feb-19,Wed,1373.80
05-Feb-19,Tue,1378.60
04-Feb-19,Mon,1378.30
01-Feb-19,Fri,1381.10
31-Jan-19,Thu,1384.00
30-Jan-19,Wed,1375.90
29-Jan-19,Tue,1375.60
28-Jan-19,Mon,1369.80
25-Jan-19,Fri,1364.00
24-Jan-19,Thu,1344.90
23-Jan-19,Wed,1349.30
22-Jan-19,Tue,1348.40
21-Jan-19,Mon,1279.05
20-Jan-19,Sun,1282.05
18-Jan-19,Fri,1348.10
17-Jan-19,Thu,1357.90
16-Jan-19,Wed,1359.30
15-Jan-19,Tue,1353.70
14-Jan-19,Mon,1357.20
11-Jan-19,Fri,1355.40
10-Jan-19,Thu,1353.00
09-Jan-19,Wed,1357.30
08-Jan-19,Tue,1351.10
07-Jan-19,Mon,1355.20
04-Jan-19,Fri,1351.00
03-Jan-19,Thu,1359.80
02-Jan-19,Wed,1349.50
01-Jan-19,Tue,1283.35
31-Dec-18,Mon,1347.10
28-Dec-18,Fri,1348.30
27-Dec-18,Thu,1346.50
26-Dec-18,Wed,1338.30
25-Dec-18,Tue,1270.75
24-Dec-18,Mon,1337.00
21-Dec-18,Fri,1323.10
20-Dec-18,Thu,1333.10
19-Dec-18,Wed,1321.30
18-Dec-18,Tue,1318.50
17-Dec-18,Mon,1317.40
14-Dec-18,Fri,1307.00
13-Dec-18,Thu,1313.20
12-Dec-18,Wed,1315.80
11-Dec-18,Tue,1312.90
10-Dec-18,Mon,1314.80
07-Dec-18,Fri,1319.50
06-Dec-18,Thu,1310.20
05-Dec-18,Wed,1309.60
04-Dec-18,Tue,1313.60
03-Dec-18,Mon,1306.40
30-Nov-18,Fri,1292.70
29-Nov-18,Thu,1297.00
28-Nov-18,Wed,1296.40
27-Nov-18,Tue,1286.50
26-Nov-18,Mon,1295.80
23-Nov-18,Fri,1296.10
22-Nov-18,Thu,1228.00
21-Nov-18,Wed,1300.80
20-Nov-18,Tue,1293.40
19-Nov-18,Mon,1297.50
16-Nov-18,Fri,1294.90
15-Nov-18,Thu,1287.60
14-Nov-18,Wed,1283.20
13-Nov-18,Tue,1274.70
12-Nov-18,Mon,1276.80
09-Nov-18,Fri,1282.20
08-Nov-18,Thu,1299.30
07-Nov-18,Wed,1302.80
06-Nov-18,Tue,1300.40
05-Nov-18,Mon,1306.40
02-Nov-18,Fri,1307.30
01-Nov-18,Thu,1312.20
31-Oct-18,Wed,1288.20
30-Oct-18,Tue,1298.90
29-Oct-18,Mon,1301.10
26-Oct-18,Fri,1309.70
25-Oct-18,Thu,1306.70
24-Oct-18,Wed,1305.50
23-Oct-18,Tue,1312.00
22-Oct-18,Mon,1299.80
19-Oct-18,Fri,1303.80
18-Oct-18,Thu,1305.10
17-Oct-18,Wed,1301.90
16-Oct-18,Tue,1305.80
15-Oct-18,Mon,1305.40
12-Oct-18,Fri,1296.30
11-Oct-18,Thu,1302.30
10-Oct-18,Wed,1267.70
09-Oct-18,Tue,1265.80
08-Oct-18,Mon,1262.90
05-Oct-18,Fri,1280.20
04-Oct-18,Thu,1275.50
03-Oct-18,Wed,1276.70
02-Oct-18,Tue,1280.70
01-Oct-18,Mon,1264.40
28-Sep-18,Fri,1268.70
27-Sep-18,Thu,1259.80
26-Sep-18,Wed,1271.80
25-Sep-18,Tue,1278.20
24-Sep-18,Mon,1277.40
21-Sep-18,Fri,1274.30
20-Sep-18,Thu,1284.40
19-Sep-18,Wed,1281.50
18-Sep-18,Tue,1275.70
17-Sep-18,Mon,1278.40
14-Sep-18,Fri,1273.80
13-Sep-18,Thu,1281.00
12-Sep-18,Wed,1283.90
11-Sep-18,Tue,1274.40
10-Sep-18,Mon,1271.60
07-Sep-18,Fri,1272.10
06-Sep-18,Thu,1275.70
05-Sep-18,Wed,1272.60
04-Sep-18,Tue,1270.20
03-Sep-18,Mon,1206.30
02-Sep-18,Sun,1204.90
31-Aug-18,Fri,1277.70
30-Aug-18,Thu,1276.10
29-Aug-18,Wed,1283.30
28-Aug-18,Tue,1286.40
27-Aug-18,Mon,1288.00
24-Aug-18,Fri,1285.00
23-Aug-18,Thu,1265.20
22-Aug-18,Wed,1275.80
21-Aug-18,Tue,1272.80
20-Aug-18,Mon,1267.50
17-Aug-18,Fri,1258.10
16-Aug-18,Thu,1258.00
15-Aug-18,Wed,1259.70
14-Aug-18,Tue,1275.90
13-Aug-18,Mon,1274.10
10-Aug-18,Fri,1294.60
09-Aug-18,Thu,1295.80
08-Aug-18,Wed,1296.80
07-Aug-18,Tue,1294.20
06-Aug-18,Mon,1293.60
03-Aug-18,Fri,1299.40
02-Aug-18,Thu,1296.20
01-Aug-18,Wed,1304.00
31-Jul-18,Tue,1309.80
30-Jul-18,Mon,1307.70
27-Jul-18,Fri,1309.00
26-Jul-18,Thu,1311.50
25-Jul-18,Wed,1316.70
24-Jul-18,Tue,1310.80
23-Jul-18,Mon,1310.70
20-Jul-18,Fri,1316.80
19-Jul-18,Thu,1310.40
18-Jul-18,Wed,1315.00
17-Jul-18,Tue,1314.60
16-Jul-18,Mon,1327.50
13-Jul-18,Fri,1329.00
12-Jul-18,Thu,1335.20
11-Jul-18,Wed,1333.10
10-Jul-18,Tue,1344.90
09-Jul-18,Mon,1348.80
06-Jul-18,Fri,1344.60
05-Jul-18,Thu,1347.40
04-Jul-18,Wed,1258.10
03-Jul-18,Tue,1342.20
02-Jul-18,Mon,1329.70
29-Jun-18,Fri,1343.70
28-Jun-18,Thu,1340.00
27-Jun-18,Wed,1345.50
26-Jun-18,Tue,1350.00
25-Jun-18,Mon,1359.60
22-Jun-18,Fri,1361.70
21-Jun-18,Thu,1361.40
20-Jun-18,Wed,1365.70
19-Jun-18,Tue,1369.60
18-Jun-18,Mon,1371.50
15-Jun-18,Fri,1369.70
14-Jun-18,Thu,1401.00
13-Jun-18,Wed,1393.90
12-Jun-18,Tue,1392.20
11-Jun-18,Mon,1395.90
08-Jun-18,Fri,1394.80
07-Jun-18,Thu,1394.80
06-Jun-18,Wed,1393.90
05-Jun-18,Tue,1394.50
04-Jun-18,Mon,1389.50
01-Jun-18,Fri,1390.10
31-May-18,Thu,1395.00
30-May-18,Wed,1396.70
29-May-18,Tue,1393.70
28-May-18,Mon,1297.60
27-May-18,Sun,1298.30
25-May-18,Fri,1403.20
24-May-18,Thu,1404.20
23-May-18,Wed,1389.20
22-May-18,Tue,1392.10
21-May-18,Mon,1391.10
18-May-18,Fri,1391.30
17-May-18,Thu,1390.00
16-May-18,Wed,1392.10
15-May-18,Tue,1389.80
14-May-18,Mon,1417.90
11-May-18,Fri,1420.40
10-May-18,Thu,1422.10
09-May-18,Wed,1413.00
08-May-18,Tue,1413.80
07-May-18,Mon,1414.20
04-May-18,Fri,1414.70
03-May-18,Thu,1412.40
02-May-18,Wed,1405.30
01-May-18,Tue,1406.40
30-Apr-18,Mon,1419.10
27-Apr-18,Fri,1423.60
26-Apr-18,Thu,1418.00
25-Apr-18,Wed,1422.90
24-Apr-18,Tue,1433.10
23-Apr-18,Mon,1424.00
20-Apr-18,Fri,1438.20
19-Apr-18,Thu,1448.80
18-Apr-18,Wed,1453.50
17-Apr-18,Tue,1449.30
16-Apr-18,Mon,1450.60
13-Apr-18,Fri,1447.90
12-Apr-18,Thu,1441.40
11-Apr-18,Wed,1460.00
10-Apr-18,Tue,1445.50
09-Apr-18,Mon,1439.60
06-Apr-18,Fri,1435.90
05-Apr-18,Thu,1428.10
04-Apr-18,Wed,1439.70
03-Apr-18,Tue,1436.50
02-Apr-18,Mon,1445.80
29-Mar-18,Thu,1426.00
28-Mar-18,Wed,1428.90
27-Mar-18,Tue,1447.80
26-Mar-18,Mon,1461.00
23-Mar-18,Fri,1455.00
22-Mar-18,Thu,1432.20
21-Mar-18,Wed,1426.60
20-Mar-18,Tue,1416.20
19-Mar-18,Mon,1421.70
16-Mar-18,Fri,1416.30
15-Mar-18,Thu,1421.70
14-Mar-18,Wed,1429.70
13-Mar-18,Tue,1431.40
12-Mar-18,Mon,1424.80
09-Mar-18,Fri,1428.00
08-Mar-18,Thu,1423.70
07-Mar-18,Wed,1427.90
06-Mar-18,Tue,1435.90
05-Mar-18,Mon,1420.50
02-Mar-18,Fri,1424.20
01-Mar-18,Thu,1406.00
28-Feb-18,Wed,1419.20
27-Feb-18,Tue,1419.60
26-Feb-18,Mon,1433.10
23-Feb-18,Fri,1429.00
22-Feb-18,Thu,1431.40
21-Feb-18,Wed,1430.60
20-Feb-18,Tue,1428.40
19-Feb-18,Mon,1347.80
18-Feb-18,Sun,1350.50
16-Feb-18,Fri,1452.80
15-Feb-18,Thu,1451.50
14-Feb-18,Wed,1452.90
13-Feb-18,Tue,1424.80
12-Feb-18,Mon,1420.90
09-Feb-18,Fri,1410.10
08-Feb-18,Thu,1414.80
07-Feb-18,Wed,1410.70
06-Feb-18,Tue,1425.40
05-Feb-18,Mon,1432.90
02-Feb-18,Fri,1434.60
01-Feb-18,Thu,1445.10
31-Jan-18,Wed,1439.40
30-Jan-18,Tue,1436.20
29-Jan-18,Mon,1441.30
26-Jan-18,Fri,1453.70
25-Jan-18,Thu,1463.10
24-Jan-18,Wed,1456.30
23-Jan-18,Tue,1434.20
22-Jan-18,Mon,1429.60
19-Jan-18,Fri,1425.90
18-Jan-18,Thu,1419.00
17-Jan-18,Wed,1431.00
16-Jan-18,Tue,1428.10
15-Jan-18,Mon,1341.80
14-Jan-18,Sun,1337.40
12-Jan-18,Fri,1425.70
11-Jan-18,Thu,1411.40
10-Jan-18,Wed,1408.30
09-Jan-18,Tue,1401.30
08-Jan-18,Mon,1407.40
05-Jan-18,Fri,1408.30
04-Jan-18,Thu,1407.30
03-Jan-18,Wed,1404.00
02-Jan-18,Tue,1400.10
01-Jan-18,Mon,1308.70
29-Dec-17,Fri,1391.90
28-Dec-17,Thu,1379.40
27-Dec-17,Wed,1372.30
26-Dec-17,Tue,1368.50
25-Dec-17,Mon,1277.90
22-Dec-17,Fri,1359.80
21-Dec-17,Thu,1351.30
20-Dec-17,Wed,1350.40
19-Dec-17,Tue,1344.80
18-Dec-17,Mon,1345.60
15-Dec-17,Fri,1337.40
14-Dec-17,Thu,1337.20
13-Dec-17,Wed,1328.70
12-Dec-17,Tue,1321.90
11-Dec-17,Mon,1326.80
08-Dec-17,Fri,1328.10
07-Dec-17,Thu,1333.00
06-Dec-17,Wed,1346.20
05-Dec-17,Tue,1345.10
04-Dec-17,Mon,1358.00
01-Dec-17,Fri,1362.80
30-Nov-17,Thu,1357.30
29-Nov-17,Wed,1366.40
28-Nov-17,Tue,1379.00
27-Nov-17,Mon,1378.70
24-Nov-17,Fri,1371.60
23-Nov-17,Thu,1291.66
22-Nov-17,Wed,1376.40
21-Nov-17,Tue,1364.80
20-Nov-17,Mon,1357.60
17-Nov-17,Fri,1378.00
16-Nov-17,Thu,1359.40
15-Nov-17,Wed,1358.70
14-Nov-17,Tue,1364.20
13-Nov-17,Mon,1360.40
10-Nov-17,Fri,1354.50
09-Nov-17,Thu,1366.80
08-Nov-17,Wed,1362.30
07-Nov-17,Tue,1353.90
06-Nov-17,Mon,1359.70
03-Nov-17,Fri,1346.90
02-Nov-17,Thu,1355.40
01-Nov-17,Wed,1354.60
31-Oct-17,Tue,1347.70
30-Oct-17,Mon,1354.90
27-Oct-17,Fri,1349.10
26-Oct-17,Thu,1346.50
25-Oct-17,Wed,1355.50
24-Oct-17,Tue,1354.20
23-Oct-17,Mon,1356.90
20-Oct-17,Fri,1356.20
19-Oct-17,Thu,1365.90
18-Oct-17,Wed,1359.30
17-Oct-17,Tue,1362.50
16-Oct-17,Mon,1379.70
13-Oct-17,Fri,1380.40
12-Oct-17,Thu,1372.30
11-Oct-17,Wed,1364.50
10-Oct-17,Tue,1369.40
09-Oct-17,Mon,1360.40
06-Oct-17,Fri,1350.00
05-Oct-17,Thu,1348.30
04-Oct-17,Wed,1351.00
03-Oct-17,Tue,1348.80
02-Oct-17,Mon,1350.10
29-Sep-17,Fri,1357.60
28-Sep-17,Thu,1361.30
27-Sep-17,Wed,1360.70
26-Sep-17,Tue,1374.10
25-Sep-17,Mon,1383.50
22-Sep-17,Fri,1369.40
21-Sep-17,Thu,1366.70
20-Sep-17,Wed,1388.30
19-Sep-17,Tue,1382.60
18-Sep-17,Mon,1380.30
15-Sep-17,Fri,1395.10
14-Sep-17,Thu,1399.20
13-Sep-17,Wed,1396.70
12-Sep-17,Tue,1401.80
11-Sep-17,Mon,1404.10
08-Sep-17,Fri,1419.30
07-Sep-17,Thu,1418.00
06-Sep-17,Wed,1405.90
05-Sep-17,Tue,1411.20
04-Sep-17,Mon,1338.08
03-Sep-17,Sun,1341.22
01-Sep-17,Fri,1397.10
31-Aug-17,Thu,1388.50
30-Aug-17,Wed,1380.90
29-Aug-17,Tue,1385.70
28-Aug-17,Mon,1382.60
25-Aug-17,Fri,1364.80
24-Aug-17,Thu,1358.90
23-Aug-17,Wed,1361.70
22-Aug-17,Tue,1358.60
21-Aug-17,Mon,1364.10
18-Aug-17,Fri,1358.80
17-Aug-17,Thu,1359.90
16-Aug-17,Wed,1350.80
15-Aug-17,Tue,1347.50
14-Aug-17,Mon,1358.10
11-Aug-17,Fri,1361.40
10-Aug-17,Thu,1357.80
09-Aug-17,Wed,1347.00
08-Aug-17,Tue,1330.40
07-Aug-17,Mon,1332.00
04-Aug-17,Fri,1331.70
03-Aug-17,Thu,1341.60
02-Aug-17,Wed,1345.50
01-Aug-17,Tue,1346.30
31-Jul-17,Mon,1340.70
28-Jul-17,Fri,1342.60
27-Jul-17,Thu,1333.70
26-Jul-17,Wed,1322.40
25-Jul-17,Tue,1323.20
24-Jul-17,Mon,1325.40
21-Jul-17,Fri,1325.90
20-Jul-17,Thu,1317.10
19-Jul-17,Wed,1313.70
18-Jul-17,Tue,1313.50
17-Jul-17,Mon,1305.40
14-Jul-17,Fri,1298.80
13-Jul-17,Thu,1288.50
12-Jul-17,Wed,1291.20
11-Jul-17,Tue,1287.70
10-Jul-17,Mon,1286.00
07-Jul-17,Fri,1282.40
06-Jul-17,Thu,1296.70
05-Jul-17,Wed,1293.90
04-Jul-17,Tue,1227.55
03-Jul-17,Mon,1290.90
30-Jun-17,Fri,1314.00
29-Jun-17,Thu,1317.70
28-Jun-17,Wed,1320.80
27-Jun-17,Tue,1318.40
26-Jun-17,Mon,1317.70
23-Jun-17,Fri,1327.70
22-Jun-17,Thu,1320.40
21-Jun-17,Wed,1317.10
20-Jun-17,Tue,1315.20
19-Jun-17,Mon,1318.80
16-Jun-17,Fri,1328.50
15-Jun-17,Thu,1326.80
14-Jun-17,Wed,1348.20
13-Jun-17,Tue,1341.20
12-Jun-17,Mon,1341.50
09-Jun-17,Fri,1343.90
08-Jun-17,Thu,1351.90
07-Jun-17,Wed,1365.60
06-Jun-17,Tue,1370.00
05-Jun-17,Mon,1355.60
02-Jun-17,Fri,1353.10
01-Jun-17,Thu,1343.20
31-May-17,Wed,1348.50
30-May-17,Tue,1339.10
29-May-17,Mon,1266.69
28-May-17,Sun,1268.22
26-May-17,Fri,1344.80
25-May-17,Thu,1333.30
24-May-17,Wed,1329.70
23-May-17,Tue,1332.10
22-May-17,Mon,1338.00
19-May-17,Fri,1329.90
18-May-17,Thu,1329.20
17-May-17,Wed,1336.20
16-May-17,Tue,1314.40
15-May-17,Mon,1308.00
12-May-17,Fri,1305.70
11-May-17,Thu,1302.90
10-May-17,Wed,1297.60
09-May-17,Tue,1295.10
08-May-17,Mon,1306.10
05-May-17,Fri,1305.80
04-May-17,Thu,1307.40
03-May-17,Wed,1327.60
02-May-17,Tue,1336.10
01-May-17,Mon,1334.60
28-Apr-17,Fri,1347.10
27-Apr-17,Thu,1344.70
26-Apr-17,Wed,1343.00
25-Apr-17,Tue,1346.00
24-Apr-17,Mon,1355.80
21-Apr-17,Fri,1367.00
20-Apr-17,Thu,1361.70
19-Apr-17,Wed,1360.50
18-Apr-17,Tue,1370.90
17-Apr-17,Mon,1369.80
14-Apr-17,Fri,1289.65
13-Apr-17,Thu,1366.70
12-Apr-17,Wed,1357.30
11-Apr-17,Tue,1353.40
10-Apr-17,Mon,1333.30
07-Apr-17,Fri,1336.80
06-Apr-17,Thu,1332.40
05-Apr-17,Wed,1327.50
04-Apr-17,Tue,1336.80
03-Apr-17,Mon,1332.70
31-Mar-17,Fri,1329.80
30-Mar-17,Thu,1326.70
29-Mar-17,Wed,1335.50
28-Mar-17,Tue,1337.50
27-Mar-17,Mon,1337.40
24-Mar-17,Fri,1330.40
23-Mar-17,Thu,1328.50
22-Mar-17,Wed,1331.50
21-Mar-17,Tue,1329.00
20-Mar-17,Mon,1317.20
17-Mar-17,Fri,1313.60
16-Mar-17,Thu,1310.70
15-Mar-17,Wed,1284.30
14-Mar-17,Tue,1286.30
13-Mar-17,Mon,1286.60
10-Mar-17,Fri,1284.00
09-Mar-17,Thu,1285.70
08-Mar-17,Wed,1291.90
07-Mar-17,Tue,1297.70
06-Mar-17,Mon,1307.30
03-Mar-17,Fri,1308.80
02-Mar-17,Thu,1313.90
01-Mar-17,Wed,1331.10
28-Feb-17,Tue,1334.30
27-Feb-17,Mon,1339.10
24-Feb-17,Fri,1338.40
23-Feb-17,Thu,1331.70
22-Feb-17,Wed,1313.30
21-Feb-17,Tue,1319.20
20-Feb-17,Mon,1238.20
19-Feb-17,Sun,1237.30
17-Feb-17,Fri,1319.40
16-Feb-17,Thu,1322.70
15-Feb-17,Wed,1314.20
14-Feb-17,Tue,1304.90
13-Feb-17,Mon,1304.90
10-Feb-17,Fri,1314.50
09-Feb-17,Thu,1315.40
08-Feb-17,Wed,1318.30
07-Feb-17,Tue,1316.40
06-Feb-17,Mon,1313.30
03-Feb-17,Fri,1302.20
02-Feb-17,Thu,1300.60
01-Feb-17,Wed,1289.50
31-Jan-17,Tue,1291.80
30-Jan-17,Mon,1276.40
27-Jan-17,Fri,1271.70
26-Jan-17,Thu,1272.90
25-Jan-17,Wed,1281.10
24-Jan-17,Tue,1294.10
23-Jan-17,Mon,1298.90
20-Jan-17,Fri,1289.20
19-Jan-17,Thu,1285.50
18-Jan-17,Wed,1295.70
17-Jan-17,Tue,1297.40
16-Jan-17,Mon,1202.85
15-Jan-17,Sun,1203.35
13-Jan-17,Fri,1281.30
12-Jan-17,Thu,1283.30
11-Jan-17,Wed,1280.00
10-Jan-17,Tue,1268.50
09-Jan-17,Mon,1267.60
06-Jan-17,Fri,1255.70
05-Jan-17,Thu,1262.10
04-Jan-17,Wed,1247.10
03-Jan-17,Tue,1244.70
02-Jan-17,Mon,1151.05
30-Dec-16,Fri,1234.50
29-Dec-16,Thu,1241.20
28-Dec-16,Wed,1224.00
27-Dec-16,Tue,1221.90
26-Dec-16,Mon,1134.55
25-Dec-16,Sun,1135.00
23-Dec-16,Fri,1216.80
22-Dec-16,Thu,1213.80
21-Dec-16,Wed,1216.50
20-Dec-16,Tue,1217.00
19-Dec-16,Mon,1225.90
16-Dec-16,Fri,1220.90
15-Dec-16,Thu,1213.10
14-Dec-16,Wed,1238.30
13-Dec-16,Tue,1233.60
12-Dec-16,Mon,1240.30
09-Dec-16,Fri,1236.00
08-Dec-16,Thu,1246.40
07-Dec-16,Wed,1250.60
06-Dec-16,Tue,1235.00
05-Dec-16,Mon,1241.70
02-Dec-16,Fri,1242.40
01-Dec-16,Thu,1233.70
30-Nov-16,Wed,1238.40
29-Nov-16,Tue,1255.50
28-Nov-16,Mon,1258.60
25-Nov-16,Fri,1245.50
24-Nov-16,Thu,1185.55
23-Nov-16,Wed,1256.90
22-Nov-16,Tue,1278.00
21-Nov-16,Mon,1276.80
18-Nov-16,Fri,1276.40
17-Nov-16,Thu,1283.80
16-Nov-16,Wed,1290.30
15-Nov-16,Tue,1290.90
14-Nov-16,Mon,1286.90
11-Nov-16,Fri,1282.70
10-Nov-16,Thu,1326.60
09-Nov-16,Wed,1335.70
08-Nov-16,Tue,1336.20
07-Nov-16,Mon,1340.40
04-Nov-16,Fri,1365.70
03-Nov-16,Thu,1363.80
02-Nov-16,Wed,1368.00
01-Nov-16,Tue,1348.00
31-Oct-16,Mon,1333.70
28-Oct-16,Fri,1337.10
27-Oct-16,Thu,1330.00
26-Oct-16,Wed,1324.60
25-Oct-16,Tue,1331.60
24-Oct-16,Mon,1317.20
21-Oct-16,Fri,1323.00
20-Oct-16,Thu,1323.50
19-Oct-16,Wed,1325.20
18-Oct-16,Tue,1318.60
17-Oct-16,Mon,1311.80
14-Oct-16,Fri,1310.40
13-Oct-16,Thu,1312.30
12-Oct-16,Wed,1307.70
11-Oct-16,Tue,1309.50
10-Oct-16,Mon,1313.90
07-Oct-16,Fri,1304.50
06-Oct-16,Thu,1305.50
05-Oct-16,Wed,1321.30
04-Oct-16,Tue,1322.10
03-Oct-16,Mon,1365.90
30-Sep-16,Fri,1370.40
29-Sep-16,Thu,1379.10
28-Sep-16,Wed,1376.70
27-Sep-16,Tue,1384.40
26-Sep-16,Mon,1398.60
23-Sep-16,Fri,1396.00
22-Sep-16,Thu,1399.20
21-Sep-16,Wed,1388.30
20-Sep-16,Tue,1374.70
19-Sep-16,Mon,1374.40
16-Sep-16,Fri,1367.10
15-Sep-16,Thu,1374.90
14-Sep-16,Wed,1383.30
13-Sep-16,Tue,1380.80
12-Sep-16,Mon,1384.40
09-Sep-16,Fri,1393.10
08-Sep-16,Thu,1400.20
07-Sep-16,Wed,1407.10
06-Sep-16,Tue,1411.10
05-Sep-16,Mon,1331.10
04-Sep-16,Sun,1326.25
02-Sep-16,Fri,1385.30
01-Sep-16,Thu,1372.60
31-Aug-16,Wed,1367.90
30-Aug-16,Tue,1374.50
29-Aug-16,Mon,1384.40
26-Aug-16,Fri,1383.20
25-Aug-16,Thu,1384.00
24-Aug-16,Wed,1390.40
23-Aug-16,Tue,1407.80
22-Aug-16,Mon,1405.20
19-Aug-16,Fri,1408.00
18-Aug-16,Thu,1419.10
17-Aug-16,Wed,1410.60
16-Aug-16,Tue,1419.00
15-Aug-16,Mon,1410.60
12-Aug-16,Fri,1406.80
11-Aug-16,Thu,1414.00
10-Aug-16,Wed,1415.60
09-Aug-16,Tue,1410.60
08-Aug-16,Mon,1405.30
05-Aug-16,Fri,1407.90
04-Aug-16,Thu,1427.90
03-Aug-16,Wed,1423.90
02-Aug-16,Tue,1429.40
01-Aug-16,Mon,1416.20
29-Jul-16,Fri,1415.70
28-Jul-16,Thu,1398.80
27-Jul-16,Wed,1392.00
26-Jul-16,Tue,1382.60
25-Jul-16,Mon,1381.30
22-Jul-16,Fri,1385.50
21-Jul-16,Thu,1392.20
20-Jul-16,Wed,1379.70
19-Jul-16,Tue,1392.30
18-Jul-16,Mon,1385.40
15-Jul-16,Fri,1383.50
14-Jul-16,Thu,1387.70
13-Jul-16,Wed,1399.00
12-Jul-16,Tue,1390.70
11-Jul-16,Mon,1411.30
08-Jul-16,Fri,1412.00
07-Jul-16,Thu,1415.00
06-Jul-16,Wed,1422.80
05-Jul-16,Tue,1414.40
04-Jul-16,Mon,1352.00
03-Jul-16,Sun,1345.50
01-Jul-16,Fri,1394.30
30-Jun-16,Thu,1375.00
29-Jun-16,Wed,1381.40
28-Jun-16,Tue,1372.20
27-Jun-16,Mon,1378.80
24-Jun-16,Fri,1376.80
23-Jun-16,Thu,1317.70
22-Jun-16,Wed,1322.10
21-Jun-16,Tue,1324.60
20-Jun-16,Mon,1344.20
17-Jun-16,Fri,1342.90
16-Jun-16,Thu,1345.60
15-Jun-16,Wed,1335.00
14-Jun-16,Tue,1335.20
13-Jun-16,Mon,1337.70
10-Jun-16,Fri,1327.70
09-Jun-16,Thu,1324.40
08-Jun-16,Wed,1314.00
07-Jun-16,Tue,1298.80
06-Jun-16,Mon,1299.40
03-Jun-16,Fri,1294.60
02-Jun-16,Thu,1264.90
01-Jun-16,Wed,1267.20
31-May-16,Tue,1269.30
30-May-16,Mon,1212.15
27-May-16,Fri,1267.60
26-May-16,Thu,1273.60
25-May-16,Wed,1277.40
24-May-16,Tue,1282.70
23-May-16,Mon,1304.90
20-May-16,Fri,1305.90
19-May-16,Thu,1305.90
18-May-16,Wed,1324.30
17-May-16,Tue,1324.90
16-May-16,Mon,1321.80
13-May-16,Fri,1319.50
12-May-16,Thu,1317.70
11-May-16,Wed,1322.60
10-May-16,Tue,1311.30
09-May-16,Mon,1312.90
06-May-16,Fri,1340.10
05-May-16,Thu,1317.80
04-May-16,Wed,1324.30
03-May-16,Tue,1342.80
02-May-16,Mon,1347.30
29-Apr-16,Fri,1341.40
28-Apr-16,Thu,1316.80
27-Apr-16,Wed,1299.80
26-Apr-16,Tue,1292.40
25-Apr-16,Mon,1289.10
22-Apr-16,Fri,1278.80
21-Apr-16,Thu,1299.50
20-Apr-16,Wed,1302.30
19-Apr-16,Tue,1300.80
18-Apr-16,Mon,1280.30
15-Apr-16,Fri,1279.70
14-Apr-16,Thu,1272.10
13-Apr-16,Wed,1293.90
12-Apr-16,Tue,1306.40
11-Apr-16,Mon,1302.40
08-Apr-16,Fri,1287.30
07-Apr-16,Thu,1282.30
06-Apr-16,Wed,1268.80
05-Apr-16,Tue,1274.50
04-Apr-16,Mon,1264.70
01-Apr-16,Fri,1268.90
31-Mar-16,Thu,1280.90
30-Mar-16,Wed,1276.90
29-Mar-16,Tue,1286.30
28-Mar-16,Mon,1270.70
25-Mar-16,Fri,1216.70
24-Mar-16,Thu,1272.40
23-Mar-16,Wed,1274.00
22-Mar-16,Tue,1298.80
21-Mar-16,Mon,1292.70
18-Mar-16,Fri,1302.00
17-Mar-16,Thu,1314.10
16-Mar-16,Wed,1280.90
15-Mar-16,Tue,1280.20
14-Mar-16,Mon,1294.40
11-Mar-16,Fri,1308.60
10-Mar-16,Thu,1320.10
09-Mar-16,Wed,1303.40
08-Mar-16,Tue,1309.00
07-Mar-16,Mon,1310.30
04-Mar-16,Fri,1315.60
03-Mar-16,Thu,1300.70
02-Mar-16,Wed,1283.00
01-Mar-16,Tue,1271.20
29-Feb-16,Mon,1273.30
26-Feb-16,Fri,1258.80
25-Feb-16,Thu,1277.00
24-Feb-16,Wed,1277.10
23-Feb-16,Tue,1261.40
22-Feb-16,Mon,1246.70
19-Feb-16,Fri,1267.40
18-Feb-16,Thu,1262.50
17-Feb-16,Wed,1247.20
16-Feb-16,Tue,1241.10
15-Feb-16,Mon,1208.10
14-Feb-16,Sun,1233.60
12-Feb-16,Fri,1271.20
11-Feb-16,Thu,1282.10
10-Feb-16,Wed,1232.60
09-Feb-16,Tue,1236.90
08-Feb-16,Mon,1238.20
05-Feb-16,Fri,1198.00
04-Feb-16,Thu,1197.70
03-Feb-16,Wed,1183.30
02-Feb-16,Tue,1170.10
01-Feb-16,Mon,1173.50
29-Jan-16,Fri,1161.90
28-Jan-16,Thu,1163.70
27-Jan-16,Wed,1163.90
26-Jan-16,Tue,1167.30
25-Jan-16,Mon,1152.40
22-Jan-16,Fri,1142.60
21-Jan-16,Thu,1143.60
20-Jan-16,Wed,1151.70
19-Jan-16,Tue,1135.80
18-Jan-16,Mon,1088.50
17-Jan-16,Sun,1090.30
15-Jan-16,Fri,1137.50
14-Jan-16,Thu,1123.00
13-Jan-16,Wed,1137.40
12-Jan-16,Tue,1137.10
11-Jan-16,Mon,1148.50
08-Jan-16,Fri,1151.70
07-Jan-16,Thu,1162.70
06-Jan-16,Wed,1151.90
05-Jan-16,Tue,1138.40
04-Jan-16,Mon,1135.50
31-Dec-15,Thu,1121.00
30-Dec-15,Wed,1120.80
29-Dec-15,Tue,1128.60
28-Dec-15,Mon,1128.10
24-Dec-15,Thu,1135.90
23-Dec-15,Wed,1128.20
22-Dec-15,Tue,1134.00
21-Dec-15,Mon,1140.50
18-Dec-15,Fri,1123.30
17-Dec-15,Thu,1108.10
16-Dec-15,Wed,1135.30
15-Dec-15,Tue,1119.80
14-Dec-15,Mon,1121.40
11-Dec-15,Fri,1133.80
10-Dec-15,Thu,1130.30
09-Dec-15,Wed,1134.90
08-Dec-15,Tue,1134.00
07-Dec-15,Mon,1134.30
04-Dec-15,Fri,1143.20
03-Dec-15,Thu,1120.60
02-Dec-15,Wed,1112.40
01-Dec-15,Tue,1122.00
30-Nov-15,Mon,1123.90
27-Nov-15,Fri,1114.50
26-Nov-15,Thu,1070.80
25-Nov-15,Wed,1128.40
24-Nov-15,Tue,1131.60
23-Nov-15,Mon,1124.70
20-Nov-15,Fri,1133.80
19-Nov-15,Thu,1135.60
18-Nov-15,Wed,1126.90
17-Nov-15,Tue,1126.90
16-Nov-15,Mon,1142.50
13-Nov-15,Fri,1141.30
12-Nov-15,Thu,1141.30
11-Nov-15,Wed,1145.40
10-Nov-15,Tue,1149.40
09-Nov-15,Mon,1149.20
06-Nov-15,Fri,1147.90
05-Nov-15,Thu,1160.10
04-Nov-15,Wed,1161.20
03-Nov-15,Tue,1168.60
02-Nov-15,Mon,1190.40
30-Oct-15,Fri,1195.20
29-Oct-15,Thu,1201.80
28-Oct-15,Wed,1229.30
27-Oct-15,Tue,1218.20
26-Oct-15,Mon,1220.30
23-Oct-15,Fri,1218.70
22-Oct-15,Thu,1228.20
21-Oct-15,Wed,1229.70
20-Oct-15,Tue,1240.90
19-Oct-15,Mon,1236.30
16-Oct-15,Fri,1246.60
15-Oct-15,Thu,1251.40
14-Oct-15,Wed,1243.60
13-Oct-15,Tue,1231.70
12-Oct-15,Mon,1231.10
09-Oct-15,Fri,1222.40
08-Oct-15,Thu,1209.90
07-Oct-15,Wed,1214.00
06-Oct-15,Tue,1211.30
05-Oct-15,Mon,1203.50
02-Oct-15,Fri,1204.20
01-Oct-15,Thu,1182.10
30-Sep-15,Wed,1183.60
29-Sep-15,Tue,1199.10
28-Sep-15,Mon,1204.40
25-Sep-15,Fri,1218.80
24-Sep-15,Thu,1226.90
23-Sep-15,Wed,1206.30
22-Sep-15,Tue,1199.60
21-Sep-15,Mon,1209.40
18-Sep-15,Fri,1214.10
17-Sep-15,Thu,1194.90
16-Sep-15,Wed,1196.30
15-Sep-15,Tue,1180.50
14-Sep-15,Mon,1185.70
11-Sep-15,Fri,1181.90
10-Sep-15,Thu,1187.90
09-Sep-15,Wed,1180.70
08-Sep-15,Tue,1199.90
07-Sep-15,Mon,1119.90
06-Sep-15,Sun,1119.90
04-Sep-15,Fri,1200.50
03-Sep-15,Thu,1203.50
02-Sep-15,Wed,1214.40
01-Sep-15,Tue,1221.30
31-Aug-15,Mon,1216.90
28-Aug-15,Fri,1218.40
27-Aug-15,Thu,1207.20
26-Aug-15,Wed,1209.00
25-Aug-15,Tue,1223.70
24-Aug-15,Mon,1238.90
21-Aug-15,Fri,1246.80
20-Aug-15,Thu,1242.20
19-Aug-15,Wed,1217.10
18-Aug-15,Tue,1206.30
17-Aug-15,Mon,1207.90
14-Aug-15,Fri,1202.30
13-Aug-15,Thu,1205.10
12-Aug-15,Wed,1213.00
11-Aug-15,Tue,1197.70
10-Aug-15,Mon,1195.80
07-Aug-15,Fri,1185.80
06-Aug-15,Thu,1181.60
05-Aug-15,Wed,1177.10
04-Aug-15,Tue,1178.70
03-Aug-15,Mon,1176.80
31-Jul-15,Fri,1183.10
30-Jul-15,Thu,1183.40
29-Jul-15,Wed,1187.50
28-Jul-15,Tue,1190.60
27-Jul-15,Mon,1190.60
24-Jul-15,Fri,1180.00
23-Jul-15,Thu,1190.10
22-Jul-15,Wed,1187.60
21-Jul-15,Tue,1199.50
20-Jul-15,Mon,1205.50
17-Jul-15,Fri,1230.70
16-Jul-15,Thu,1243.20
15-Jul-15,Wed,1246.30
14-Jul-15,Tue,1252.40
13-Jul-15,Mon,1255.00
10-Jul-15,Fri,1256.60
09-Jul-15,Thu,1255.10
08-Jul-15,Wed,1258.60
07-Jul-15,Tue,1249.50
06-Jul-15,Mon,1270.60
03-Jul-15,Fri,1167.80
02-Jul-15,Thu,1261.50
01-Jul-15,Wed,1268.50
30-Jun-15,Tue,1270.80
29-Jun-15,Mon,1278.00
26-Jun-15,Fri,1273.10
25-Jun-15,Thu,1270.30
24-Jun-15,Wed,1271.00
23-Jun-15,Tue,1274.80
22-Jun-15,Mon,1282.10
19-Jun-15,Fri,1299.40
18-Jun-15,Thu,1300.80
17-Jun-15,Wed,1276.90
16-Jun-15,Tue,1279.40
15-Jun-15,Mon,1285.80
12-Jun-15,Fri,1281.00
11-Jun-15,Thu,1282.60
10-Jun-15,Wed,1288.60
09-Jun-15,Tue,1276.80
08-Jun-15,Mon,1272.00
05-Jun-15,Fri,1266.60
04-Jun-15,Thu,1270.10
03-Jun-15,Wed,1279.90
02-Jun-15,Tue,1287.80
01-Jun-15,Mon,1280.40
29-May-15,Fri,1280.70
28-May-15,Thu,1280.50
27-May-15,Wed,1278.60
26-May-15,Tue,1282.20
25-May-15,Mon,1207.40
24-May-15,Sun,1204.40
22-May-15,Fri,1299.70
21-May-15,Thu,1298.10
20-May-15,Wed,1303.50
19-May-15,Tue,1301.40
18-May-15,Mon,1321.20
15-May-15,Fri,1318.90
14-May-15,Thu,1319.00
13-May-15,Wed,1312.20
12-May-15,Tue,1287.00
11-May-15,Mon,1277.30
08-May-15,Fri,1282.50
07-May-15,Thu,1278.50
06-May-15,Wed,1286.70
05-May-15,Tue,1288.20
04-May-15,Mon,1279.00
01-May-15,Fri,1266.10
30-Apr-15,Thu,1273.00
29-Apr-15,Wed,1300.00
28-Apr-15,Tue,1301.40
27-Apr-15,Mon,1289.20
24-Apr-15,Fri,1260.40
23-Apr-15,Thu,1282.00
22-Apr-15,Wed,1274.70
21-Apr-15,Tue,1289.10
20-Apr-15,Mon,1279.30
17-Apr-15,Fri,1288.10
16-Apr-15,Thu,1283.00
15-Apr-15,Wed,1286.50
14-Apr-15,Tue,1278.10
13-Apr-15,Mon,1287.80
10-Apr-15,Fri,1293.30
09-Apr-15,Thu,1281.60
08-Apr-15,Wed,1291.10
07-Apr-15,Tue,1298.40
06-Apr-15,Mon,1305.40
03-Apr-15,Fri,1288.20
02-Apr-15,Thu,1288.20
01-Apr-15,Wed,1294.20
31-Mar-15,Tue,1272.20
30-Mar-15,Mon,1276.40
27-Mar-15,Fri,1291.90
26-Mar-15,Thu,1297.00
25-Mar-15,Wed,1287.30
24-Mar-15,Tue,1281.20
23-Mar-15,Mon,1277.50
20-Mar-15,Fri,1274.70
19-Mar-15,Thu,1259.50
18-Mar-15,Wed,1247.50
17-Mar-15,Tue,1244.50
16-Mar-15,Mon,1249.30
13-Mar-15,Fri,1248.90
12-Mar-15,Thu,1249.00
11-Mar-15,Wed,1248.40
10-Mar-15,Tue,1258.10
09-Mar-15,Mon,1268.00
06-Mar-15,Fri,1265.60
05-Mar-15,Thu,1296.10
04-Mar-15,Wed,1300.60
03-Mar-15,Tue,1304.20
02-Mar-15,Mon,1305.80
27-Feb-15,Fri,1309.40
26-Feb-15,Thu,1306.10
25-Feb-15,Wed,1296.00
24-Feb-15,Tue,1293.10
23-Feb-15,Mon,1298.70
20-Feb-15,Fri,1303.20
19-Feb-15,Thu,1306.90
18-Feb-15,Wed,1301.50
17-Feb-15,Tue,1309.90
16-Feb-15,Mon,1231.70
15-Feb-15,Sun,1228.80
13-Feb-15,Fri,1325.20
12-Feb-15,Thu,1318.70
11-Feb-15,Wed,1319.20
10-Feb-15,Tue,1331.20
09-Feb-15,Mon,1339.90
06-Feb-15,Fri,1332.60
05-Feb-15,Thu,1354.90
04-Feb-15,Wed,1373.40
03-Feb-15,Tue,1367.30
02-Feb-15,Mon,1382.40
30-Jan-15,Fri,1384.60
29-Jan-15,Thu,1363.80
28-Jan-15,Wed,1402.20
27-Jan-15,Tue,1414.70
26-Jan-15,Mon,1405.60
23-Jan-15,Fri,1417.60
22-Jan-15,Thu,1425.20
21-Jan-15,Wed,1413.40
20-Jan-15,Tue,1412.40
19-Jan-15,Mon,1275.90
18-Jan-15,Sun,1279.00
16-Jan-15,Fri,1404.90
15-Jan-15,Thu,1392.80
14-Jan-15,Wed,1364.50
13-Jan-15,Tue,1374.50
12-Jan-15,Mon,1373.20
09-Jan-15,Fri,1357.40
08-Jan-15,Thu,1351.60
07-Jan-15,Wed,1353.60
06-Jan-15,Tue,1362.20
05-Jan-15,Mon,1353.50
02-Jan-15,Fri,1337.70
01-Jan-15,Thu,1186.80
31-Dec-14,Wed,1335.40
30-Dec-14,Tue,1311.90
29-Dec-14,Mon,1292.90
26-Dec-14,Fri,1307.70
25-Dec-14,Thu,1177.00
24-Dec-14,Wed,1285.60
23-Dec-14,Tue,1289.70
22-Dec-14,Mon,1289.70
19-Dec-14,Fri,1305.60
18-Dec-14,Thu,1303.90
17-Dec-14,Wed,1302.30
16-Dec-14,Tue,1302.00
15-Dec-14,Mon,1317.70
12-Dec-14,Fri,1333.50
11-Dec-14,Thu,1342.30
10-Dec-14,Wed,1345.50
09-Dec-14,Tue,1350.20
08-Dec-14,Mon,1314.40
05-Dec-14,Fri,1310.80
04-Dec-14,Thu,1324.20
03-Dec-14,Wed,1325.80
02-Dec-14,Tue,1314.70
01-Dec-14,Mon,1332.50
28-Nov-14,Fri,1291.20
27-Nov-14,Thu,1188.80
26-Nov-14,Wed,1314.50
25-Nov-14,Tue,1315.20
24-Nov-14,Mon,1314.20
21-Nov-14,Fri,1315.90
20-Nov-14,Thu,1308.90
19-Nov-14,Wed,1313.40
18-Nov-14,Tue,1315.50
17-Nov-14,Mon,1303.70
14-Nov-14,Fri,1305.60
13-Nov-14,Thu,1281.40
12-Nov-14,Wed,1280.40
11-Nov-14,Tue,1285.10
10-Nov-14,Mon,1281.30
07-Nov-14,Fri,1291.00
06-Nov-14,Thu,1264.40
05-Nov-14,Wed,1268.10
04-Nov-14,Tue,1290.30
03-Nov-14,Mon,1294.40
31-Oct-14,Fri,1295.90
30-Oct-14,Thu,1322.90
29-Oct-14,Wed,1349.20
28-Oct-14,Tue,1352.60
27-Oct-14,Mon,1352.40
24-Oct-14,Fri,1355.00
23-Oct-14,Thu,1352.10
22-Oct-14,Wed,1366.60
21-Oct-14,Tue,1371.80
20-Oct-14,Mon,1364.30
17-Oct-14,Fri,1358.50
16-Oct-14,Thu,1357.50
15-Oct-14,Wed,1361.30
14-Oct-14,Tue,1359.30
13-Oct-14,Mon,1229.30
10-Oct-14,Fri,1353.70
09-Oct-14,Thu,1358.80
08-Oct-14,Wed,1344.20
07-Oct-14,Tue,1363.60
06-Oct-14,Mon,1360.70
03-Oct-14,Fri,1346.90
02-Oct-14,Thu,1368.10
01-Oct-14,Wed,1370.20
30-Sep-14,Tue,1366.70
29-Sep-14,Mon,1373.70
26-Sep-14,Fri,1370.40
25-Sep-14,Thu,1376.40
24-Sep-14,Wed,1374.90
23-Sep-14,Tue,1377.20
22-Sep-14,Mon,1374.20
19-Sep-14,Fri,1373.10
18-Sep-14,Thu,1383.40
17-Sep-14,Wed,1392.00
16-Sep-14,Tue,1393.00
15-Sep-14,Mon,1391.30
12-Sep-14,Fri,1387.80
11-Sep-14,Thu,1395.40
10-Sep-14,Wed,1402.00
09-Sep-14,Tue,1404.60
08-Sep-14,Mon,1410.20
05-Sep-14,Fri,1423.20
04-Sep-14,Thu,1422.30
03-Sep-14,Wed,1425.50
02-Sep-14,Tue,1419.00
01-Sep-14,Mon,1287.40
31-Aug-14,Sun,1287.70
29-Aug-14,Fri,1440.60
28-Aug-14,Thu,1443.80
27-Aug-14,Wed,1436.90
26-Aug-14,Tue,1439.30
25-Aug-14,Mon,1433.10
22-Aug-14,Fri,1434.10
21-Aug-14,Thu,1429.20
20-Aug-14,Wed,1449.00
19-Aug-14,Tue,1449.00
18-Aug-14,Mon,1452.80
15-Aug-14,Fri,1459.40
14-Aug-14,Thu,1469.10
13-Aug-14,Wed,1467.90
12-Aug-14,Tue,1465.30
11-Aug-14,Mon,1465.50
08-Aug-14,Fri,1465.90
07-Aug-14,Thu,1467.30
06-Aug-14,Wed,1462.70
05-Aug-14,Tue,1439.00
04-Aug-14,Mon,1441.90
01-Aug-14,Fri,1451.10
31-Jul-14,Thu,1441.50
30-Jul-14,Wed,1456.10
29-Jul-14,Tue,1456.70
28-Jul-14,Mon,1462.00
25-Jul-14,Fri,1460.30
24-Jul-14,Thu,1447.30
23-Jul-14,Wed,1460.30
22-Jul-14,Tue,1461.60
21-Jul-14,Mon,1469.60
18-Jul-14,Fri,1464.70
17-Jul-14,Thu,1472.10
16-Jul-14,Wed,1454.90
15-Jul-14,Tue,1451.30
14-Jul-14,Mon,1460.70
11-Jul-14,Fri,1492.90
10-Jul-14,Thu,1494.70
09-Jul-14,Wed,1479.70
08-Jul-14,Tue,1471.40
07-Jul-14,Mon,1472.00
04-Jul-14,Fri,1321.30
03-Jul-14,Thu,1475.60
02-Jul-14,Wed,1484.80
01-Jul-14,Tue,1480.20
30-Jun-14,Mon,1475.10
27-Jun-14,Fri,1319.00
26-Jun-14,Thu,1316.10
25-Jun-14,Wed,1322.20
24-Jun-14,Tue,1320.90
23-Jun-14,Mon,1318.00
20-Jun-14,Fri,1316.20
19-Jun-14,Thu,1313.70
18-Jun-14,Wed,1272.40
17-Jun-14,Tue,1271.70
16-Jun-14,Mon,1274.90
13-Jun-14,Fri,1273.70
12-Jun-14,Thu,1273.60
11-Jun-14,Wed,1260.80
10-Jun-14,Tue,1259.80
09-Jun-14,Mon,1253.50
06-Jun-14,Fri,1252.10
05-Jun-14,Thu,1253.00
04-Jun-14,Wed,1244.00
03-Jun-14,Tue,1244.30
02-Jun-14,Mon,1243.70
30-May-14,Fri,1245.60
29-May-14,Thu,1256.30
28-May-14,Wed,1259.30
27-May-14,Tue,1265.40
26-May-14,Mon,1292.50
25-May-14,Sun,1291.70
23-May-14,Fri,1291.60
22-May-14,Thu,1294.90
21-May-14,Wed,1288.00
20-May-14,Tue,1294.50
19-May-14,Mon,1293.70
16-May-14,Fri,1293.30
15-May-14,Thu,1293.50
14-May-14,Wed,1305.70
13-May-14,Tue,1294.60
12-May-14,Mon,1295.60
09-May-14,Fri,1287.30
08-May-14,Thu,1287.40
07-May-14,Wed,1288.60
06-May-14,Tue,1308.30
05-May-14,Mon,1309.00
02-May-14,Fri,1302.60
01-May-14,Thu,1283.10
30-Apr-14,Wed,1295.60
29-Apr-14,Tue,1296.00
28-Apr-14,Mon,1298.90
25-Apr-14,Fri,1300.70
24-Apr-14,Thu,1290.50
23-Apr-14,Wed,1284.20
22-Apr-14,Tue,1280.60
21-Apr-14,Mon,1288.00
17-Apr-14,Thu,1293.40
16-Apr-14,Wed,1303.10
15-Apr-14,Tue,1300.00
14-Apr-14,Mon,1327.20
11-Apr-14,Fri,1318.70
10-Apr-14,Thu,1320.10
09-Apr-14,Wed,1305.50
08-Apr-14,Tue,1308.70
07-Apr-14,Mon,1298.00
04-Apr-14,Fri,1303.20
03-Apr-14,Thu,1284.40
02-Apr-14,Wed,1290.50
01-Apr-14,Tue,1279.60
31-Mar-14,Mon,1283.40
28-Mar-14,Fri,1293.80
27-Mar-14,Thu,1294.70
26-Mar-14,Wed,1303.40
25-Mar-14,Tue,1311.40
24-Mar-14,Mon,1311.20
21-Mar-14,Fri,1336.00
20-Mar-14,Thu,1330.50
19-Mar-14,Wed,1341.40
18-Mar-14,Tue,1359.00
17-Mar-14,Mon,1372.90
14-Mar-14,Fri,1379.00
13-Mar-14,Thu,1372.20
12-Mar-14,Wed,1370.30
11-Mar-14,Tue,1346.50
10-Mar-14,Mon,1341.40
07-Mar-14,Fri,1338.10
06-Mar-14,Thu,1351.70
05-Mar-14,Wed,1340.20
04-Mar-14,Tue,1337.80
03-Mar-14,Mon,1350.10
28-Feb-14,Fri,1321.40
27-Feb-14,Thu,1331.60
26-Feb-14,Wed,1328.20
25-Feb-14,Tue,1343.00
24-Feb-14,Mon,1338.30
21-Feb-14,Fri,1323.90
20-Feb-14,Thu,1317.10
19-Feb-14,Wed,1320.60
18-Feb-14,Tue,1324.70
17-Feb-14,Mon,1328.50
14-Feb-14,Fri,1319.00
13-Feb-14,Thu,1300.40
12-Feb-14,Wed,1295.30
11-Feb-14,Tue,1290.10
10-Feb-14,Mon,1274.80
07-Feb-14,Fri,1263.30
06-Feb-14,Thu,1257.60
05-Feb-14,Wed,1257.30
04-Feb-14,Tue,1251.70
03-Feb-14,Mon,1260.40
31-Jan-14,Fri,1240.10
30-Jan-14,Thu,1242.20
29-Jan-14,Wed,1262.20
28-Jan-14,Tue,1251.00
27-Jan-14,Mon,1263.60
24-Jan-14,Fri,1264.50
23-Jan-14,Thu,1262.60
22-Jan-14,Wed,1239.00
21-Jan-14,Tue,1242.30
20-Jan-14,Mon,1255.10
17-Jan-14,Fri,1251.70
16-Jan-14,Thu,1240.00
15-Jan-14,Wed,1238.10
14-Jan-14,Tue,1245.20
13-Jan-14,Mon,1250.90
10-Jan-14,Fri,1246.70
09-Jan-14,Thu,1229.30
08-Jan-14,Wed,1225.30
07-Jan-14,Tue,1229.40
06-Jan-14,Mon,1237.80
03-Jan-14,Fri,1238.40
02-Jan-14,Thu,1225.00
01-Jan-14,Wed,1205.40
31-Dec-13,Tue,1201.90
30-Dec-13,Mon,1203.10
27-Dec-13,Fri,1216.10
26-Dec-13,Thu,1214.10
24-Dec-13,Tue,1205.10
23-Dec-13,Mon,1198.40
20-Dec-13,Fri,1205.10
19-Dec-13,Thu,1195.00
18-Dec-13,Wed,1236.10
17-Dec-13,Tue,1231.20
16-Dec-13,Mon,1245.50
13-Dec-13,Fri,1235.70
12-Dec-13,Thu,1226.00
11-Dec-13,Wed,1258.50
10-Dec-13,Tue,1262.40
09-Dec-13,Mon,1235.30
06-Dec-13,Fri,1230.30
05-Dec-13,Thu,1233.20
04-Dec-13,Wed,1248.20
03-Dec-13,Tue,1221.70
02-Dec-13,Mon,1222.30
29-Nov-13,Fri,1250.60
28-Nov-13,Thu,1243.80
27-Nov-13,Wed,1237.80
26-Nov-13,Tue,1241.40
25-Nov-13,Mon,1241.10
22-Nov-13,Fri,1244.00
21-Nov-13,Thu,1243.50
20-Nov-13,Wed,1257.90
19-Nov-13,Tue,1273.40
18-Nov-13,Mon,1272.20
15-Nov-13,Fri,1287.30
14-Nov-13,Thu,1286.20
13-Nov-13,Wed,1268.30
12-Nov-13,Tue,1271.10
11-Nov-13,Mon,1281.00
08-Nov-13,Fri,1284.50
07-Nov-13,Thu,1308.40
06-Nov-13,Wed,1317.70
05-Nov-13,Tue,1308.00
04-Nov-13,Mon,1314.60
01-Nov-13,Fri,1313.10
31-Oct-13,Thu,1323.60
30-Oct-13,Wed,1349.00
29-Oct-13,Tue,1345.20
28-Oct-13,Mon,1352.00
25-Oct-13,Fri,1352.40
24-Oct-13,Thu,1350.20
23-Oct-13,Wed,1333.90
22-Oct-13,Tue,1342.50
21-Oct-13,Mon,1315.70
18-Oct-13,Fri,1314.40
17-Oct-13,Thu,1322.70
16-Oct-13,Wed,1282.00
15-Oct-13,Tue,1273.00
14-Oct-13,Mon,1276.40
11-Oct-13,Fri,1268.00
10-Oct-13,Thu,1296.60
09-Oct-13,Wed,1306.90
08-Oct-13,Tue,1324.20
07-Oct-13,Mon,1324.80
04-Oct-13,Fri,1309.70
03-Oct-13,Thu,1317.40
02-Oct-13,Wed,1320.60
01-Oct-13,Tue,1286.00
30-Sep-13,Mon,1326.50
27-Sep-13,Fri,1338.40
26-Sep-13,Thu,1323.60
25-Sep-13,Wed,1335.90
24-Sep-13,Tue,1316.00
23-Sep-13,Mon,1326.90
20-Sep-13,Fri,1332.50
19-Sep-13,Thu,1369.40
18-Sep-13,Wed,1307.80
17-Sep-13,Tue,1309.50
16-Sep-13,Mon,1317.90
13-Sep-13,Fri,1308.40
12-Sep-13,Thu,1330.40
11-Sep-13,Wed,1363.90
10-Sep-13,Tue,1364.10
09-Sep-13,Mon,1386.80
06-Sep-13,Fri,1386.70
05-Sep-13,Thu,1373.10
04-Sep-13,Wed,1389.90
03-Sep-13,Tue,1412.00
02-Sep-13,Mon,1393.70
30-Aug-13,Fri,1396.10
29-Aug-13,Thu,1412.90
28-Aug-13,Wed,1419.00
27-Aug-13,Tue,1420.60
26-Aug-13,Mon,1393.00
23-Aug-13,Fri,1395.70
22-Aug-13,Thu,1371.20
21-Aug-13,Wed,1370.60
20-Aug-13,Tue,1373.10
19-Aug-13,Mon,1366.20
16-Aug-13,Fri,1371.70
15-Aug-13,Thu,1361.60
14-Aug-13,Wed,1334.00
13-Aug-13,Tue,1321.20
12-Aug-13,Mon,1334.70
09-Aug-13,Fri,1312.90
08-Aug-13,Thu,1310.70
07-Aug-13,Wed,1286.10
06-Aug-13,Tue,1283.20
05-Aug-13,Mon,1302.60
02-Aug-13,Fri,1310.60
01-Aug-13,Thu,1311.00
31-Jul-13,Wed,1312.40
30-Jul-13,Tue,1324.00
29-Jul-13,Mon,1328.40
26-Jul-13,Fri,1321.70
25-Jul-13,Thu,1329.00
24-Jul-13,Wed,1319.70
23-Jul-13,Tue,1335.10
22-Jul-13,Mon,1336.40
19-Jul-13,Fri,1293.30
18-Jul-13,Thu,1284.60
17-Jul-13,Wed,1277.90
16-Jul-13,Tue,1290.80
15-Jul-13,Mon,1283.80
12-Jul-13,Fri,1277.80
11-Jul-13,Thu,1280.10
10-Jul-13,Wed,1247.40
09-Jul-13,Tue,1245.90
08-Jul-13,Mon,1234.90
05-Jul-13,Fri,1212.90
04-Jul-13,Thu,1247.05
03-Jul-13,Wed,1252.10
02-Jul-13,Tue,1243.60
01-Jul-13,Mon,1255.90
28-Jun-13,Fri,1223.80
27-Jun-13,Thu,1211.40
26-Jun-13,Wed,1229.60
25-Jun-13,Tue,1274.80
24-Jun-13,Mon,1276.80
21-Jun-13,Fri,1291.60
20-Jun-13,Thu,1285.90
19-Jun-13,Wed,1373.60
18-Jun-13,Tue,1366.60
17-Jun-13,Mon,1382.80
14-Jun-13,Fri,1387.30
13-Jun-13,Thu,1377.60
12-Jun-13,Wed,1391.80
11-Jun-13,Tue,1377.00
10-Jun-13,Mon,1386.20
07-Jun-13,Fri,1383.00
06-Jun-13,Thu,1415.70
05-Jun-13,Wed,1398.40
04-Jun-13,Tue,1397.10
03-Jun-13,Mon,1411.70
31-May-13,Fri,1392.60
30-May-13,Thu,1411.50
29-May-13,Wed,1391.30
28-May-13,Tue,1379.10
27-May-13,Mon,1395.95
24-May-13,Fri,1386.80
23-May-13,Thu,1392.00
22-May-13,Wed,1367.60
21-May-13,Tue,1377.80
20-May-13,Mon,1384.30
17-May-13,Fri,1364.90
16-May-13,Thu,1387.10
15-May-13,Wed,1396.50
14-May-13,Tue,1424.70
13-May-13,Mon,1434.50
10-May-13,Fri,1436.80
09-May-13,Thu,1468.80
08-May-13,Wed,1473.90
07-May-13,Tue,1449.00
06-May-13,Mon,1468.10
03-May-13,Fri,1464.30
02-May-13,Thu,1467.70
01-May-13,Wed,1446.30
30-Apr-13,Tue,1472.20
29-Apr-13,Mon,1467.40
26-Apr-13,Fri,1453.60
25-Apr-13,Thu,1461.80
24-Apr-13,Wed,1423.40
23-Apr-13,Tue,1408.60
22-Apr-13,Mon,1421.00
19-Apr-13,Fri,1395.30
18-Apr-13,Thu,1392.00
17-Apr-13,Wed,1382.20
16-Apr-13,Tue,1386.80
15-Apr-13,Mon,1360.60
12-Apr-13,Fri,1501.00
11-Apr-13,Thu,1564.30
10-Apr-13,Wed,1558.30
09-Apr-13,Tue,1586.20
08-Apr-13,Mon,1572.00
05-Apr-13,Fri,1575.40
04-Apr-13,Thu,1551.80
03-Apr-13,Wed,1552.80
02-Apr-13,Tue,1575.10
01-Apr-13,Mon,1600.00
28-Mar-13,Thu,1594.80
27-Mar-13,Wed,1606.20
26-Mar-13,Tue,1595.80
25-Mar-13,Mon,1604.60
22-Mar-13,Fri,1606.20
21-Mar-13,Thu,1613.80
20-Mar-13,Wed,1607.50
19-Mar-13,Tue,1611.30
18-Mar-13,Mon,1604.60
15-Mar-13,Fri,1592.50
14-Mar-13,Thu,1590.60
13-Mar-13,Wed,1588.30
12-Mar-13,Tue,1591.50
11-Mar-13,Mon,1577.80
08-Mar-13,Fri,1576.60
07-Mar-13,Thu,1574.80
06-Mar-13,Wed,1574.60
05-Mar-13,Tue,1574.60
04-Mar-13,Mon,1572.10
01-Mar-13,Fri,1571.90
28-Feb-13,Thu,1577.70
27-Feb-13,Wed,1595.20
26-Feb-13,Tue,1615.20
25-Feb-13,Mon,1586.20
22-Feb-13,Fri,1572.40
21-Feb-13,Thu,1578.20
20-Feb-13,Wed,1577.60
19-Feb-13,Tue,1603.60
15-Feb-13,Fri,1608.80
14-Feb-13,Thu,1634.70
13-Feb-13,Wed,1644.20
12-Feb-13,Tue,1648.70
11-Feb-13,Mon,1648.20
08-Feb-13,Fri,1666.00
07-Feb-13,Thu,1670.40
06-Feb-13,Wed,1677.70
05-Feb-13,Tue,1672.40
04-Feb-13,Mon,1675.30
01-Feb-13,Fri,1669.40
31-Jan-13,Thu,1660.60
30-Jan-13,Wed,1679.90
29-Jan-13,Tue,1660.70
28-Jan-13,Mon,1652.40
25-Jan-13,Fri,1656.40
24-Jan-13,Thu,1669.50
23-Jan-13,Wed,1686.30
22-Jan-13,Tue,1692.80
18-Jan-13,Fri,1686.60
17-Jan-13,Thu,1690.40
16-Jan-13,Wed,1682.70
15-Jan-13,Tue,1683.40
14-Jan-13,Mon,1668.90
11-Jan-13,Fri,1660.00
10-Jan-13,Thu,1677.30
09-Jan-13,Wed,1654.80
08-Jan-13,Tue,1661.50
07-Jan-13,Mon,1645.50
04-Jan-13,Fri,1648.10
03-Jan-13,Thu,1673.70
02-Jan-13,Wed,1687.90
31-Dec-12,Mon,1674.80
28-Dec-12,Fri,1654.90
27-Dec-12,Thu,1662.60
26-Dec-12,Wed,1659.80
24-Dec-12,Mon,1658.60
21-Dec-12,Fri,1659.10
20-Dec-12,Thu,1644.90
19-Dec-12,Wed,1666.50
18-Dec-12,Tue,1669.50
17-Dec-12,Mon,1697.00
14-Dec-12,Fri,1695.80
13-Dec-12,Thu,1695.60
12-Dec-12,Wed,1716.60
11-Dec-12,Tue,1708.20
10-Dec-12,Mon,1713.00
07-Dec-12,Fri,1704.00
06-Dec-12,Thu,1700.30
05-Dec-12,Wed,1692.40
04-Dec-12,Tue,1694.40
03-Dec-12,Mon,1719.60
30-Nov-12,Fri,1710.90
29-Nov-12,Thu,1727.20
28-Nov-12,Wed,1716.50
27-Nov-12,Tue,1742.20
26-Nov-12,Mon,1749.50
23-Nov-12,Fri,1751.30
21-Nov-12,Wed,1727.90
20-Nov-12,Tue,1723.20
19-Nov-12,Mon,1734.00
16-Nov-12,Fri,1714.30
15-Nov-12,Thu,1713.30
14-Nov-12,Wed,1729.50
13-Nov-12,Tue,1724.20
12-Nov-12,Mon,1730.30
09-Nov-12,Fri,1730.30
08-Nov-12,Thu,1725.40
07-Nov-12,Wed,1713.20
06-Nov-12,Tue,1714.10
05-Nov-12,Mon,1682.20
02-Nov-12,Fri,1674.10
01-Nov-12,Thu,1714.10
31-Oct-12,Wed,1717.50
30-Oct-12,Tue,1710.50
29-Oct-12,Mon,1707.70
26-Oct-12,Fri,1710.90
25-Oct-12,Thu,1712.00
24-Oct-12,Wed,1700.50
23-Oct-12,Tue,1708.30
22-Oct-12,Mon,1725.10
19-Oct-12,Fri,1722.80
18-Oct-12,Thu,1743.30
17-Oct-12,Wed,1751.50
16-Oct-12,Tue,1744.70
15-Oct-12,Mon,1736.00
12-Oct-12,Fri,1758.00
11-Oct-12,Thu,1768.80
10-Oct-12,Wed,1763.20
09-Oct-12,Tue,1763.00
08-Oct-12,Mon,1773.50
05-Oct-12,Fri,1778.60
04-Oct-12,Thu,1794.10
03-Oct-12,Wed,1777.30
02-Oct-12,Tue,1772.70
01-Oct-12,Mon,1780.50
28-Sep-12,Fri,1771.10
27-Sep-12,Thu,1777.60
26-Sep-12,Wed,1750.60
25-Sep-12,Tue,1763.80
24-Sep-12,Mon,1762.10
21-Sep-12,Fri,1775.50
20-Sep-12,Thu,1767.70
19-Sep-12,Wed,1769.00
18-Sep-12,Tue,1768.40
17-Sep-12,Mon,1767.70
14-Sep-12,Fri,1769.80
13-Sep-12,Thu,1769.10
12-Sep-12,Wed,1730.60
11-Sep-12,Tue,1731.80
10-Sep-12,Mon,1728.70
07-Sep-12,Fri,1737.50
06-Sep-12,Thu,1702.60
05-Sep-12,Wed,1690.80
04-Sep-12,Tue,1692.90
31-Aug-12,Fri,1684.60
30-Aug-12,Thu,1653.50
29-Aug-12,Wed,1659.80
28-Aug-12,Tue,1666.50
27-Aug-12,Mon,1672.40
24-Aug-12,Fri,1669.80
23-Aug-12,Thu,1669.60
22-Aug-12,Wed,1637.40
21-Aug-12,Tue,1639.90
20-Aug-12,Mon,1620.10
17-Aug-12,Fri,1616.30
16-Aug-12,Thu,1616.10
15-Aug-12,Wed,1603.70
14-Aug-12,Tue,1599.40
13-Aug-12,Mon,1609.60
10-Aug-12,Fri,1619.70
09-Aug-12,Thu,1617.10
08-Aug-12,Wed,1612.90
07-Aug-12,Tue,1609.70
06-Aug-12,Mon,1612.90
03-Aug-12,Fri,1606.00
02-Aug-12,Thu,1587.40
01-Aug-12,Wed,1603.70
31-Jul-12,Tue,1610.50
30-Jul-12,Mon,1619.70
27-Jul-12,Fri,1617.90
26-Jul-12,Thu,1615.00
25-Jul-12,Wed,1608.00
24-Jul-12,Tue,1576.00
23-Jul-12,Mon,1577.10
20-Jul-12,Fri,1582.50
19-Jul-12,Thu,1580.10
18-Jul-12,Wed,1570.40
17-Jul-12,Tue,1589.10
16-Jul-12,Mon,1591.20
13-Jul-12,Fri,1591.60
12-Jul-12,Thu,1564.90
11-Jul-12,Wed,1575.20
10-Jul-12,Tue,1579.30
09-Jul-12,Mon,1588.60
06-Jul-12,Fri,1578.40
05-Jul-12,Thu,1608.90
03-Jul-12,Tue,1621.30
02-Jul-12,Mon,1597.20
29-Jun-12,Fri,1603.50
28-Jun-12,Thu,1549.70
27-Jun-12,Wed,1577.50
26-Jun-12,Tue,1574.00
25-Jun-12,Mon,1587.50
22-Jun-12,Fri,1566.00
21-Jun-12,Thu,1564.50
20-Jun-12,Wed,1614.80
19-Jun-12,Tue,1622.20
18-Jun-12,Mon,1625.70
15-Jun-12,Fri,1627.00
14-Jun-12,Thu,1618.40
13-Jun-12,Wed,1618.10
12-Jun-12,Tue,1612.70
11-Jun-12,Mon,1595.50
08-Jun-12,Fri,1590.10
07-Jun-12,Thu,1586.60
06-Jun-12,Wed,1632.80
05-Jun-12,Tue,1615.20
04-Jun-12,Mon,1612.20
01-Jun-12,Fri,1620.50
31-May-12,Thu,1562.60
30-May-12,Wed,1563.40
29-May-12,Tue,1548.60
25-May-12,Fri,1568.80
24-May-12,Thu,1557.30
23-May-12,Wed,1548.10
22-May-12,Tue,1576.30
21-May-12,Mon,1588.40
18-May-12,Fri,1591.60
17-May-12,Thu,1574.50
16-May-12,Wed,1536.20
15-May-12,Tue,1556.80
14-May-12,Mon,1560.60
11-May-12,Fri,1583.60
10-May-12,Thu,1595.10
09-May-12,Wed,1593.70
08-May-12,Tue,1604.00
07-May-12,Mon,1638.60
04-May-12,Fri,1644.70
03-May-12,Thu,1634.20
02-May-12,Wed,1653.40
01-May-12,Tue,1661.70
30-Apr-12,Mon,1663.40
27-Apr-12,Fri,1664.00
26-Apr-12,Thu,1659.60
25-Apr-12,Wed,1641.40
24-Apr-12,Tue,1643.00
23-Apr-12,Mon,1631.90
20-Apr-12,Fri,1642.10
19-Apr-12,Thu,1640.60
18-Apr-12,Wed,1638.80
17-Apr-12,Tue,1650.30
16-Apr-12,Mon,1648.70
13-Apr-12,Fri,1659.10
12-Apr-12,Thu,1679.50
11-Apr-12,Wed,1659.00
10-Apr-12,Tue,1659.50
09-Apr-12,Mon,1642.50
05-Apr-12,Thu,1628.50
04-Apr-12,Wed,1612.30
03-Apr-12,Tue,1670.00
02-Apr-12,Mon,1677.50
30-Mar-12,Fri,1669.30
29-Mar-12,Thu,1652.20
28-Mar-12,Wed,1657.90
27-Mar-12,Tue,1684.80
26-Mar-12,Mon,1685.50
23-Mar-12,Fri,1662.30
22-Mar-12,Thu,1642.30
21-Mar-12,Wed,1650.00
20-Mar-12,Tue,1646.70
19-Mar-12,Mon,1666.90
16-Mar-12,Fri,1655.50
15-Mar-12,Thu,1659.10
14-Mar-12,Wed,1642.50
13-Mar-12,Tue,1693.70
12-Mar-12,Mon,1699.20
09-Mar-12,Fri,1710.90
08-Mar-12,Thu,1698.10
07-Mar-12,Wed,1683.30
06-Mar-12,Tue,1671.40
05-Mar-12,Mon,1703.00
02-Mar-12,Fri,1708.80
01-Mar-12,Thu,1721.10
29-Feb-12,Wed,1709.90
28-Feb-12,Tue,1787.00
27-Feb-12,Mon,1773.60
24-Feb-12,Fri,1775.10
23-Feb-12,Thu,1784.90
22-Feb-12,Wed,1770.00
21-Feb-12,Tue,1757.10
17-Feb-12,Fri,1724.50
16-Feb-12,Thu,1726.80
15-Feb-12,Wed,1726.30
14-Feb-12,Tue,1715.90
13-Feb-12,Mon,1723.00
10-Feb-12,Fri,1723.30
09-Feb-12,Thu,1739.00
08-Feb-12,Wed,1729.30
07-Feb-12,Tue,1746.40
06-Feb-12,Mon,1722.80
03-Feb-12,Fri,1737.90
02-Feb-12,Thu,1756.80
01-Feb-12,Wed,1747.10
31-Jan-12,Tue,1737.80
30-Jan-12,Mon,1731.00
27-Jan-12,Fri,1731.80
26-Jan-12,Thu,1726.30
25-Jan-12,Wed,1699.80
24-Jan-12,Tue,1664.20
23-Jan-12,Mon,1678.00
20-Jan-12,Fri,1663.70
19-Jan-12,Thu,1654.10
18-Jan-12,Wed,1659.50
17-Jan-12,Tue,1655.20
13-Jan-12,Fri,1630.40
12-Jan-12,Thu,1647.30
11-Jan-12,Wed,1639.20
10-Jan-12,Tue,1631.00
09-Jan-12,Mon,1607.50
06-Jan-12,Fri,1616.10
05-Jan-12,Thu,1619.40
04-Jan-12,Wed,1611.90
03-Jan-12,Tue,1599.70
30-Dec-11,Fri,1565.80
29-Dec-11,Thu,1539.90
28-Dec-11,Wed,1562.90
27-Dec-11,Tue,1594.20
23-Dec-11,Fri,1604.70
22-Dec-11,Thu,1608.90
21-Dec-11,Wed,1611.90
20-Dec-11,Tue,1615.60
19-Dec-11,Mon,1594.40
16-Dec-11,Fri,1595.60
15-Dec-11,Thu,1574.60
14-Dec-11,Wed,1584.30
13-Dec-11,Tue,1659.90
12-Dec-11,Mon,1664.20
09-Dec-11,Fri,1712.80
08-Dec-11,Thu,1709.80
07-Dec-11,Wed,1740.90
06-Dec-11,Tue,1727.90
05-Dec-11,Mon,1730.70
02-Dec-11,Fri,1747.00
01-Dec-11,Thu,1735.30
30-Nov-11,Wed,1745.50
29-Nov-11,Tue,1713.40
28-Nov-11,Mon,1710.80
25-Nov-11,Fri,1685.50
23-Nov-11,Wed,1695.70
22-Nov-11,Tue,1702.20
21-Nov-11,Mon,1678.30
18-Nov-11,Fri,1724.70
17-Nov-11,Thu,1719.80
16-Nov-11,Wed,1773.80
15-Nov-11,Tue,1781.70
14-Nov-11,Mon,1777.80
11-Nov-11,Fri,1787.50
10-Nov-11,Thu,1758.90
09-Nov-11,Wed,1790.90
08-Nov-11,Tue,1798.40
07-Nov-11,Mon,1790.30
04-Nov-11,Fri,1755.30
03-Nov-11,Thu,1764.20
02-Nov-11,Wed,1728.70
01-Nov-11,Tue,1711.00
31-Oct-11,Mon,1724.20
28-Oct-11,Fri,1746.20
27-Oct-11,Thu,1746.70
26-Oct-11,Wed,1722.70
25-Oct-11,Tue,1699.60
24-Oct-11,Mon,1651.50
21-Oct-11,Fri,1635.10
20-Oct-11,Thu,1611.90
19-Oct-11,Wed,1646.00
18-Oct-11,Tue,1651.70
17-Oct-11,Mon,1675.50
14-Oct-11,Fri,1681.80
13-Oct-11,Thu,1667.30
12-Oct-11,Wed,1681.30
11-Oct-11,Tue,1659.70
10-Oct-11,Mon,1669.60
07-Oct-11,Fri,1634.50
06-Oct-11,Thu,1651.90
05-Oct-11,Wed,1640.30
04-Oct-11,Tue,1614.70
03-Oct-11,Mon,1656.00
30-Sep-11,Fri,1620.40
29-Sep-11,Thu,1615.50
28-Sep-11,Wed,1616.30
27-Sep-11,Tue,1650.60
26-Sep-11,Mon,1592.50
23-Sep-11,Fri,1637.50
22-Sep-11,Thu,1739.20
21-Sep-11,Wed,1805.50
20-Sep-11,Tue,1806.60
19-Sep-11,Mon,1776.40
16-Sep-11,Fri,1812.10
15-Sep-11,Thu,1778.50
14-Sep-11,Wed,1823.50
13-Sep-11,Tue,1826.80
12-Sep-11,Mon,1809.90
09-Sep-11,Fri,1856.40
08-Sep-11,Thu,1854.40
07-Sep-11,Wed,1814.20
06-Sep-11,Tue,1869.90
02-Sep-11,Fri,1873.70
01-Sep-11,Thu,1826.00
31-Aug-11,Wed,1828.50
30-Aug-11,Tue,1826.70
29-Aug-11,Mon,1788.40
26-Aug-11,Fri,1794.10
25-Aug-11,Thu,1759.80
24-Aug-11,Wed,1754.10
23-Aug-11,Tue,1858.30
22-Aug-11,Mon,1888.70
19-Aug-11,Fri,1848.90
18-Aug-11,Thu,1818.90
17-Aug-11,Wed,1791.20
16-Aug-11,Tue,1782.40
15-Aug-11,Mon,1755.50
12-Aug-11,Fri,1740.20
11-Aug-11,Thu,1748.80
10-Aug-11,Wed,1781.30
09-Aug-11,Tue,1740.00
08-Aug-11,Mon,1710.20
05-Aug-11,Fri,1648.80
04-Aug-11,Thu,1656.20
03-Aug-11,Wed,1663.40
02-Aug-11,Tue,1641.90
01-Aug-11,Mon,1619.00
29-Jul-11,Fri,1628.30
28-Jul-11,Thu,1613.40
27-Jul-11,Wed,1615.00
26-Jul-11,Tue,1616.60
25-Jul-11,Mon,1612.00
22-Jul-11,Fri,1601.30
21-Jul-11,Thu,1586.80
20-Jul-11,Wed,1596.70
19-Jul-11,Tue,1600.90
18-Jul-11,Mon,1602.10
15-Jul-11,Fri,1589.80
14-Jul-11,Thu,1589.00
13-Jul-11,Wed,1585.20
12-Jul-11,Tue,1561.90
11-Jul-11,Mon,1548.80
08-Jul-11,Fri,1541.20
07-Jul-11,Thu,1530.20
06-Jul-11,Wed,1528.70
05-Jul-11,Tue,1512.30
01-Jul-11,Fri,1482.30
30-Jun-11,Thu,1502.30
29-Jun-11,Wed,1509.90
28-Jun-11,Tue,1499.70
27-Jun-11,Mon,1496.00
24-Jun-11,Fri,1500.50
23-Jun-11,Thu,1520.10
22-Jun-11,Wed,1552.90
21-Jun-11,Tue,1546.00
20-Jun-11,Mon,1541.50
17-Jun-11,Fri,1538.60
16-Jun-11,Thu,1529.30
15-Jun-11,Wed,1525.60
14-Jun-11,Tue,1523.80
13-Jun-11,Mon,1515.00
10-Jun-11,Fri,1528.60
09-Jun-11,Thu,1542.10
08-Jun-11,Wed,1538.10
07-Jun-11,Tue,1543.30
06-Jun-11,Mon,1546.50
03-Jun-11,Fri,1541.70
02-Jun-11,Thu,1532.00
01-Jun-11,Wed,1542.40
31-May-11,Tue,1535.90
27-May-11,Fri,1536.30
26-May-11,Thu,1522.80
25-May-11,Wed,1526.60
24-May-11,Tue,1523.20
23-May-11,Mon,1515.30
20-May-11,Fri,1508.80
19-May-11,Thu,1492.20
18-May-11,Wed,1495.60
17-May-11,Tue,1479.80
16-May-11,Mon,1490.40
13-May-11,Fri,1493.40
12-May-11,Thu,1506.60
11-May-11,Wed,1501.10
10-May-11,Tue,1516.60
09-May-11,Mon,1502.90
06-May-11,Fri,1491.20
05-May-11,Thu,1480.90
04-May-11,Wed,1514.90
03-May-11,Tue,1540.10
02-May-11,Mon,1556.70
29-Apr-11,Fri,1556.00
28-Apr-11,Thu,1530.80
27-Apr-11,Wed,1516.70
26-Apr-11,Tue,1503.00
25-Apr-11,Mon,1508.60
21-Apr-11,Thu,1503.20
20-Apr-11,Wed,1498.30
19-Apr-11,Tue,1494.50
18-Apr-11,Mon,1492.30
15-Apr-11,Fri,1485.30
14-Apr-11,Thu,1471.70
13-Apr-11,Wed,1454.90
12-Apr-11,Tue,1452.90
11-Apr-11,Mon,1467.40
08-Apr-11,Fri,1473.40
07-Apr-11,Thu,1458.50
06-Apr-11,Wed,1457.70
05-Apr-11,Tue,1451.80
04-Apr-11,Mon,1432.20
01-Apr-11,Fri,1428.10
31-Mar-11,Thu,1438.90
30-Mar-11,Wed,1423.80
29-Mar-11,Tue,1416.00
28-Mar-11,Mon,1419.80
25-Mar-11,Fri,1426.10
24-Mar-11,Thu,1434.80
23-Mar-11,Wed,1437.90
22-Mar-11,Tue,1427.50
21-Mar-11,Mon,1426.20
18-Mar-11,Fri,1415.90
17-Mar-11,Thu,1404.00
16-Mar-11,Wed,1396.00
15-Mar-11,Tue,1392.60
14-Mar-11,Mon,1424.60
11-Mar-11,Fri,1421.50
10-Mar-11,Thu,1412.20
09-Mar-11,Wed,1429.30
08-Mar-11,Tue,1426.90
07-Mar-11,Mon,1434.10
04-Mar-11,Fri,1428.20
03-Mar-11,Thu,1416.00
02-Mar-11,Wed,1437.20
01-Mar-11,Tue,1430.70
28-Feb-11,Mon,1409.30
25-Feb-11,Fri,1408.70
24-Feb-11,Thu,1415.30
23-Feb-11,Wed,1413.40
22-Feb-11,Tue,1400.50
18-Feb-11,Fri,1388.20
17-Feb-11,Thu,1384.70
16-Feb-11,Wed,1374.70
15-Feb-11,Tue,1373.60
14-Feb-11,Mon,1364.60
11-Feb-11,Fri,1359.90
10-Feb-11,Thu,1361.90
09-Feb-11,Wed,1364.80
08-Feb-11,Tue,1363.40
07-Feb-11,Mon,1347.60
04-Feb-11,Fri,1348.30
03-Feb-11,Thu,1352.30
02-Feb-11,Wed,1331.50
01-Feb-11,Tue,1339.60
31-Jan-11,Mon,1333.80
28-Jan-11,Fri,1340.70
27-Jan-11,Thu,1318.40
26-Jan-11,Wed,1333.00
25-Jan-11,Tue,1332.30
24-Jan-11,Mon,1344.50
21-Jan-11,Fri,1341.00
20-Jan-11,Thu,1346.50
19-Jan-11,Wed,1370.20
18-Jan-11,Tue,1368.10
14-Jan-11,Fri,1360.40
13-Jan-11,Thu,1386.90
12-Jan-11,Wed,1385.70
11-Jan-11,Tue,1384.00
10-Jan-11,Mon,1373.70
07-Jan-11,Fri,1368.50
06-Jan-11,Thu,1371.40
05-Jan-11,Wed,1373.40
04-Jan-11,Tue,1378.50
03-Jan-11,Mon,1422.60
